bear.year,bearID,year.rep,sex,birth.year,age,repro,dN15,dC13,mass,headcirc,capture.date,cortisol.kitcorrected,condition,fYEAR,fAGE,year,fREPRO,pub.name,Jan,Feb,Mar,Apr,May,Jun,Jul,Aug,Sep,Oct,Nov,Dec,number.cubs,periodwcubs,cubseparation,cub.age,mother,father,FG
W0005_2000,W0005,1999,M,1999,1,WithMother,5.44,-22.822,45,46,4/10/2000,4.3646,0.97826087,1999,1,2000,4,Öda_k1:1,m,m,m,m,m,NA,NA,NA,NA,NA,NA,NA,NA,NA,NA,NA,W0004,W8601,1
W0004_2000,W0004,1999,F,1994,6,WithCubs,4.62,-22.652,95,59,4/10/2000,5.0114,1.610169492,1999,6,2000,3,Öda,s,s,s,1,1,l,l,l,l,l,l,l,1,january-may,yes,1,95SS93,W9002,1
W0213_2002,W0213,2001,M,2001,1,WithMother,4.69,-22.978,24,42.5,4/22/2002,5.374,0.564705882,2001,1,2002,4,Öda_k2:2,m,m,m,m,m,l,NA,NA,NA,NA,NA,NA,NA,NA,NA,NA,W0004,unknown,2
W0214_2002,W0214,2001,F,2001,1,WithMother,4.72,-23.038,27,41.5,4/22/2002,5.3152,0.65060241,2001,1,2002,4,Jäska,m,m,m,m,m,m,l,l,l,d,NA,NA,0,NA,NA,NA,W0004,unknown,2
W0004_2002,W0004,2001,F,1994,8,WithCubs,4.27,-22.728,86,60,4/22/2002,5.2956,1.433333333,2001,8,2002,3,Öda,s,s,s,2,2,s,l,l,l,l,l,l,2,january-june,yes,1,95SS93,W9002,2
W0408_2004,W0408,2003,M,2003,1,WithMother,4.56,-23.254,29,42.5,4/16/2004,8.66,0.682352941,2003,1,2004,4,Öda_k3:1,m,m,m,m,m,m,m,NA,NA,NA,NA,NA,NA,NA,NA,NA,W0004,W9401,3
W0422_2004,W0422,2003,F,2003,1,WithMother,4.36,-23.154,27,40,4/20/2004,7.75,0.675,2003,1,2004,4,Jämta,m,m,m,m,m,m,m,l,l,l,l,l,0,NA,NA,NA,W0004,W9401,3
W0004_2004,W0004,2003,F,1994,10,WithCubs,4.02,-22.844,95,62,4/16/2004,6.34,1.532258065,2003,10,2004,3,Öda,s,s,s,2,s,2,2,l,l,l,l,l,2,january-july,yes,1,95SS93,W9002,3
W0620_2006,W0620,2005,F,2005,1,WithMother,5.36,-22.99,25,40,5/2/2006,6.795,0.625,2005,1,2006,4,Tvåska,m,m,m,m,m,l,l,l,l,l,l,l,0,NA,NA,NA,W0004,unknown,4
W0004_2006,W0004,2005,F,1994,12,WithCubs,4.47,-22.93,95,64,5/2/2006,5.913,1.484375,2005,12,2006,3,Öda,s,s,s,s,1,l,l,l,l,l,l,l,1,january-may,yes,1,95SS93,W9002,4
W0810_2008,W0810,2007,M,2007,1,WithMother,4.95,-23.206,24,43,4/24/2008,8.2748,0.558139535,2007,1,2008,4,Mismyr,m,m,m,m,m,m,m,m,m,m,m,m,NA,NA,NA,NA,W0004,unknown,5
W0811_2008,W0811,2007,M,2007,1,WithMother,4.83,-23.106,22,42,4/24/2008,6.06,0.523809524,2007,1,2008,4,Klittmyr,m,m,m,m,m,m,m,m,m,m,m,m,NA,NA,NA,NA,W0004,unknown,5
W0812_2008,W0812,2007,M,2007,1,WithMother,4.81,-23.126,16,38,4/24/2008,7.6476,0.421052632,2007,1,2008,4,Villmyr,m,m,m,m,m,m,m,m,m,m,m,m,NA,NA,NA,NA,W0004,unknown,5
W0810_2009,W0810,2008,M,2007,2,WithMother,4.06,-22.764,48,50,4/17/2009,8.09,0.96,2008,2,2009,4,Mismyr,m,m,m,m,m,l,l,l,l,l,l,l,NA,NA,NA,NA,W0004,unknown,5
W0811_2009,W0811,2008,M,2007,2,WithMother,3.96,-22.754,45,48,4/17/2009,9.97,0.9375,2008,2,2009,4,Klittmyr,m,m,m,m,m,l,l,l,l,l,l,l,NA,NA,NA,NA,W0004,unknown,5
W0812_2009,W0812,2008,M,2007,2,WithMother,3.9,-22.844,39,47,4/17/2009,11.08,0.829787234,2008,2,2009,4,Villmyr,m,m,m,m,m,l,l,l,l,l,l,l,NA,NA,NA,NA,W0004,unknown,5
W0004_2008,W0004,2007,F,1994,14,WithCubs,4.24,-22.966,88,65,4/24/2008,4.835,1.353846154,2007,14,2008,3,Öda,s,s,s,3,3,3,3,s,s,3,s,s,3,january-december,no,1,95SS93,W9002,5
W0010_2006,W0010,2005,F,1999,7,WithCubs,4.37,-23.55,83,60,4/19/2006,8.1,1.383333333,2005,7,2006,3,Hirva,s,s,s,1,s,l,l,l,l,l,l,l,1,january-may,yes,1,W9403,W9810,6
W0806_2008,W0806,2007,F,2007,1,WithMother,4.14,-22.916,15,39.5,4/23/2008,4.345,0.379746835,2007,1,2008,4,Kyllan,m,m,m,m,m,l,l,l,l,l,l,l,0,NA,NA,NA,W0010,unknown,7
W0807_2008,W0807,2007,M,2007,1,WithMother,4.3,-23.036,15,39,4/23/2008,10.2446,0.384615385,2007,1,2008,4,Hirva_k2:2,m,m,m,m,m,NA,NA,NA,NA,NA,NA,NA,NA,NA,NA,NA,W0010,unknown,7
W0010_2008,W0010,2007,F,1999,9,WithCubs,3.7,-22.656,81,58,4/23/2008,4.8252,1.396551724,2007,9,2008,3,Hirva,s,s,s,2,1,l,l,l,l,l,l,l,2,january-may,yes,1,W9403,W9810,7
W0508_2005,W0508,2004,F,2004,1,WithMother,4.8,-23.042,17,38.5,4/17/2005,7.3242,0.441558442,2004,1,2005,4,Milla,m,m,m,m,m,m,l,l,l,l,l,l,0,NA,NA,NA,W0018,unknown,8
W0018_2005,W0018,2004,F,1999,6,WithCubs,4.27,-23.062,82,58,4/17/2005,5.1486,1.413793103,2004,6,2005,3,Tuva,s,s,s,1,s,s,l,l,l,l,l,l,1,january-june,yes,1,W9504,unknown,8
W0708_2007,W0708,2006,M,2006,1,WithMother,5.35,-23.168,22,38.5,4/17/2007,10.47,0.571428571,2006,1,2007,4,Tuva_k3:1,m,m,m,m,m,m,m,m,m,m,m,m,NA,NA,NA,NA,W0018,unknown,9
W0709_2007,W0709,2006,F,2006,1,WithMother,5.46,-23.008,25,41.5,4/17/2007,11.65,0.602409639,2006,1,2007,4,Rymma,m,m,m,m,m,m,m,m,m,m,m,m,0,NA,NA,NA,W0018,unknown,9
W0710_2007,W0710,2006,M,2006,1,WithMother,5.33,-23.318,26,44.5,4/17/2007,7.74,0.584269663,2006,1,2007,4,Tuva_k3:3,m,m,m,m,m,m,m,m,m,m,m,m,NA,NA,NA,NA,W0018,unknown,9
W0018_2007,W0018,2006,F,1999,8,WithCubs,4.71,-23.208,97,63,4/17/2007,6.87,1.53968254,2006,8,2007,3,Tuva,s,s,s,3,3,3,3,3,3,3,3,s,3,january-december,no,1,W9504,unknown,9
W0104_2006,W0104,2005,F,2000,6,WithCubs,4.36,-22.95,77,59,4/20/2006,11.35,1.305084746,2005,6,2006,3,Abborrgina,s,s,s,1,s,1,s,1,1,1,1,s,1,january-december,no,1,W9909,99X07,10
W0602_2006,W0602,2005,F,2005,1,WithMother,4.9,-23.47,19,41,4/20/2006,15.59,0.463414634,2005,1,2006,4,Hälla,m,m,m,m,m,m,m,m,m,m,m,m,0,NA,NA,NA,W0104,unknown,11
W0901_2009,W0901,2008,M,2008,1,WithMother,5.3,-23.204,25,38,4/16/2009,10.93,0.657894737,2008,1,2009,4,Loften,m,m,m,m,m,m,m,m,m,m,m,m,NA,NA,NA,NA,W0104,unknown,11
W0902_2009,W0902,2008,M,2008,1,WithMother,5.64,-22.824,25,40,4/16/2009,7.92,0.625,2008,1,2009,4,Räken,m,m,m,m,m,m,m,m,m,m,m,m,NA,NA,NA,NA,W0104,unknown,11
W0901_2010,W0901,2009,M,2008,2,WithMother,4.98,-23.182,49,47,4/13/2010,4.56,1.042553191,2009,2,2010,4,Loften,m,m,m,m,l,l,l,l,l,l,l,l,NA,NA,NA,NA,W0104,unknown,11
W0902_2010,W0902,2009,M,2008,2,WithMother,5.33,-23.182,55,48,4/13/2010,4.87,1.145833333,2009,2,2010,4,Räken,m,m,m,m,l,l,l,l,l,l,l,l,NA,NA,NA,NA,W0104,unknown,11
W0104_2010,W0104,2009,F,2000,10,WithCubs,4.8,-22.912,97,62,4/13/2010,5.64,1.564516129,2009,10,2010,3,Abborrgina,s,s,s,2,l,l,l,l,l,l,l,l,2,january-april,yes,2,W9909,99X07,11
W1205_2012,W1205,2011,F,2011,1,WithMother,5.79,-23.328,20,40,5/2/2012,10.08,0.5,2011,1,2012,4,Klummy,m,m,m,m,m,m,m,m,m,m,m,m,0,NA,NA,NA,W0104,unknown,12
W1206_2012,W1206,2011,F,2011,1,WithMother,5.47,-23.228,22.5,40.5,5/2/2012,9.33,0.555555556,2011,1,2012,4,Klumpa,m,m,m,m,m,m,m,m,m,m,m,m,0,NA,NA,NA,W0104,unknown,12
W1205_2013,W1205,2012,F,2011,2,WithMother,4.99,-23.406,43,48,4/23/2013,2.43,0.895833333,2012,2,2013,4,Klummy,m,m,m,m,l,l,l,l,l,l,l,l,0,NA,NA,NA,W0104,unknown,12
W1206_2013,W1206,2012,F,2011,2,WithMother,5.18,-23.316,NA,54,6/11/2013,3.88,NA,2012,2,2013,4,Klumpa,m,m,m,m,l,l,l,l,l,l,l,l,0,NA,NA,NA,W0104,unknown,12
W0104_2012,W0104,2011,F,2000,12,WithCubs,4.33,-22.968,78,60,5/2/2012,9.39,1.3,2011,12,2012,3,Abborrgina,s,s,s,2,2,s,s,2,s,2,s,s,2,january-december,no,1,W9909,99X07,12
W0104_2015,W0104,2014,F,2000,15,WithCubs,4.15,-23.212,83.6,59,4/24/2015,11.16,1.416949153,2014,15,2015,3,Abborrgina,s,s,s,3,3,s,3,s,3,s,s,s,3,january-december,no,1,W9909,99X07,13
W0104_2016,W0104,2015,F,2000,16,WithCubs,4.4,-23.38,102,59,5/2/2016,8.9,1.728813559,2015,16,2016,3,Abborrgina,s,s,s,s,3,NA,l,l,l,l,l,l,3,january-may,yes,2,W9909,99X07,14
W0107_2007,W0107,2006,F,2000,7,WithCubs,4.75,-22.798,85,65,4/20/2007,8.71,1.307692308,2006,7,2007,3,Akita,s,s,s,1,l,l,l,l,l,l,l,l,1,january-april,yes,1,W9003,unknown,15
W0107_2009,W0107,2008,F,2000,9,WithCubs,4.45,-22.764,97,66,4/21/2009,12.44,1.46969697,2008,9,2009,1,Akita,l,l,l,l,l,l,l,l,d,NA,NA,NA,0,NA,NA,NA,W9003,unknown,16
W0208_2002,W0208,2001,F,2001,1,WithMother,3.9,-22.938,17,38,4/20/2002,5.4132,0.447368421,2001,1,2002,4,Snotta,m,m,m,m,m,m,l,l,l,l,l,l,0,NA,NA,NA,W0109,W9701,17
W0209_2002,W0209,2001,F,2001,1,WithMother,4.3,-22.838,16,37,4/20/2002,5.6778,0.432432432,2001,1,2002,4,Lanna,m,m,m,m,m,m,l,l,l,l,l,l,0,NA,NA,NA,W0109,W9701,17
W0109_2002,W0109,2001,F,1994,8,WithCubs,3.81,-22.748,76,57,4/20/2002,4.8448,1.333333333,2001,8,2002,3,Loma,s,s,s,2,s,s,l,l,l,l,l,l,2,january-june,yes,1,W0121,W9002,17
W0412_2004,W0412,2003,F,2003,1,WithMother,4.35,-23.524,21,39,4/17/2004,3.6002,0.538461538,2003,1,2004,4,Rönni,m,m,m,m,m,d,NA,NA,NA,NA,NA,NA,0,NA,NA,NA,W0109,unknown,18
W0413_2004,W0413,2003,M,2003,1,WithMother,4.15,-23.504,24,40,4/17/2004,4.4528,0.6,2003,1,2004,4,Loma_k2:2,m,m,m,m,m,NA,NA,NA,NA,NA,NA,NA,NA,NA,NA,NA,W0109,unknown,18
W0109_2004,W0109,2003,F,1994,10,WithCubs,3.93,-23.404,87,62,4/17/2004,4.7664,1.403225806,2003,10,2004,3,Loma,s,s,s,2,s,l,l,l,l,d,NA,NA,2,january-may,yes,1,W0121,W9002,18
W0701_2007,W0701,2006,F,2006,1,WithMother,5.03,-23.338,20,NA,4/13/2007,9.56,NA,2006,1,2007,4,Kotta,m,m,m,m,m,m,l,l,d,NA,NA,NA,0,NA,NA,NA,W0209,unknown,19
W0702_2007,W0702,2006,F,2006,1,WithMother,5.25,-23.378,19,NA,4/13/2007,9.94,NA,2006,1,2007,4,Bävra,m,m,m,m,m,m,l,l,l,l,l,l,0,NA,NA,NA,W0209,unknown,19
W0209_2007,W0209,2006,F,2001,6,WithCubs,4.75,-23.378,81,59,4/13/2007,7.97,1.372881356,2006,6,2007,3,Lanna,s,s,s,2,2,s,l,l,l,l,l,l,2,january-june,yes,1,W0109,W9701,19
W1103_2011,W1103,2010,M,2010,1,WithMother,5.18,-23.41,14,38,4/18/2011,8.1,0.368421053,2010,1,2011,4,Kivi,m,m,m,m,m,m,l,l,l,l,l,l,NA,NA,NA,NA,W0217,unknown,20
W0217_2011,W0217,2010,F,2001,10,WithCubs,4.5,-23.07,68,57,4/18/2011,15,1.192982456,2010,10,2011,3,Silina,s,s,s,1,1,s,1,l,l,l,l,l,1,january-july,yes,1,W9403,unknown,20
W1307_2013,W1307,2012,M,2012,1,WithMother,4.99,-23.536,10,35.5,4/29/2013,12.35,0.281690141,2012,1,2013,4,Tunplutten,m,m,m,m,m,m,m,m,m,m,m,m,NA,NA,NA,NA,W0217,unknown,21
W1308_2013,W1308,2012,M,2012,1,WithMother,4.86,-23.426,15,36,4/29/2013,11.34,0.416666667,2012,1,2013,4,Pendon,m,m,m,m,m,m,m,m,m,m,m,m,NA,NA,NA,NA,W0217,unknown,21
W0217_2013,W0217,2012,F,2001,12,WithCubs,4.69,-23.186,79,59,5/15/2013,7.59,1.338983051,2012,12,2013,3,Silina,s,s,s,s,s,s,2,s,s,2,s,s,2,january-december,no,1,W9403,unknown,21
W1113_2011,W1113,2010,M,2010,1,WithMother,5,-23.17,11.4,37,4/28/2011,12.07,0.308108108,2010,1,2011,4,Ljöra_k4:2,m,m,m,m,m,m,m,m,m,m,m,m,NA,NA,NA,NA,W0219,unknown,22
W1114_2011,W1114,2010,F,2010,1,WithMother,4.08,-23.26,14,38,4/28/2011,10.81,0.368421053,2010,1,2011,4,Ljöra_k4:3,m,m,m,m,m,m,m,m,m,m,m,m,NA,NA,NA,NA,W0219,unknown,22
W0219_2011,W0219,2010,F,2001,10,WithCubs,4.58,-23.37,80,61,4/28/2011,10.76,1.31147541,2010,10,2011,3,Ljöra,s,s,s,2,s,s,2,s,s,2,s,s,2,january-december,no,1,W9008,W0202,22
W0604_2006,W0604,2005,M,2005,1,WithMother,4.85,-23.34,NA,NA,4/21/2006,8.31,NA,2005,1,2006,4,Unna_k1:1,m,m,m,m,d,NA,NA,NA,NA,NA,NA,NA,NA,NA,NA,NA,W0229,unknown,23
W0605_2006,W0605,2005,F,2005,1,WithMother,4.61,-23.38,20,38,4/21/2006,13.15,0.526315789,2005,1,2006,4,Sälga,m,m,m,m,m,m,m,m,l,l,l,l,0,NA,NA,NA,W0229,unknown,23
W0606_2006,W0606,2005,F,2005,1,WithMother,4.82,-23.17,20,38,4/21/2006,12.76,0.526315789,2005,1,2006,4,Våla,m,m,m,m,m,m,m,m,l,d,NA,NA,0,NA,NA,NA,W0229,unknown,23
W0229_2006,W0229,2005,F,1998,8,WithCubs,4.34,-22.96,89,60,4/21/2006,8.82,1.483333333,2005,8,2006,3,Unna,s,s,s,3,2,s,2,l,l,l,l,l,3,january-juli,yes,1,unknown,unknown,23
W0903_2009,W0903,2008,M,2008,1,WithMother,4.64,-23.114,25,40.5,4/20/2009,14.12,0.617283951,2008,1,2009,4,Nalis,m,m,m,m,m,m,m,m,m,m,m,m,NA,NA,NA,NA,W0229,unknown,24
W0904_2009,W0904,2008,F,2008,1,WithMother,4.69,-23.124,23,40,4/20/2009,10.68,0.575,2008,1,2009,4,Trulla,m,m,m,m,m,m,m,m,m,m,m,m,0,NA,NA,NA,W0229,unknown,24
W0903_2010,W0903,2009,M,2008,2,WithMother,5.09,-23.152,60,56,4/16/2010,4.85,1.071428571,2009,2,2010,4,Nalis,m,m,m,m,l,l,l,l,l,l,l,l,NA,NA,NA,NA,W0229,unknown,24
W0904_2010,W0904,2009,F,2008,2,WithMother,4.57,-22.992,51,49,4/16/2010,4.92,1.040816327,2009,2,2010,4,Trulla,m,m,m,m,l,l,l,l,l,l,l,l,0,NA,NA,NA,W0229,unknown,24
W0229_2009,W0229,2008,F,1998,11,WithCubs,4.3,-22.754,98,64.5,4/20/2009,16.75,1.519379845,2008,11,2009,3,Unna,s,s,s,2,2,s,2,s,s,2,s,s,2,january-december,no,1,unknown,unknown,24
W0421_2004,W0421,2003,M,2003,1,WithMother,5.09,-23.444,26,41.5,4/20/2004,3.7472,0.626506024,2003,1,2004,4,Klöva_k1:2,m,m,m,m,m,m,m,m,m,m,m,m,NA,NA,NA,NA,W0231,W0423,25
W0231_2004,W0231,2003,F,1992,12,WithCubs,4.61,-23.624,98,65,4/20/2004,6.1874,1.507692308,2003,12,2004,3,Klöva,s,s,s,s,s,2,2,s,2,s,s,s,2,january-december,no,1,unknown,W8606,25
W0808_2008,W0808,2007,M,2007,1,WithMother,4.92,-23.226,14,37,4/24/2008,10.8522,0.378378378,2007,1,2008,4,Samuel,m,m,m,m,m,m,m,m,m,m,m,m,NA,NA,NA,NA,W0231,unknown,26
W0809_2008,W0809,2007,M,2007,1,WithMother,5.25,-23.056,17,42,4/24/2008,6.697,0.404761905,2007,1,2008,4,Manne,m,m,m,m,m,m,m,m,m,m,m,m,NA,NA,NA,NA,W0231,unknown,26
W0808_2009,W0808,2008,M,2007,2,WithMother,4.39,-22.684,39,45,4/15/2009,8.41,0.866666667,2008,2,2009,4,Samuel,m,m,m,m,m,l,l,l,l,d,NA,NA,NA,NA,NA,NA,W0231,unknown,26
W0809_2009,W0809,2008,M,2007,2,WithMother,4.75,-22.644,46,47,4/15/2009,6.65,0.978723404,2008,2,2009,4,Manne,m,m,m,m,m,l,l,l,d,NA,NA,NA,NA,NA,NA,NA,W0231,unknown,26
W0231_2008,W0231,2007,F,1992,16,WithCubs,4.6,-23.016,88,65,4/24/2008,5.3544,1.353846154,2007,16,2008,3,Klöva,s,s,s,2,2,s,2,s,s,2,s,s,2,january-december,no,1,unknown,W8606,26
W0231_2009,W0231,2008,F,1992,17,WithCubs,4.86,-22.784,83,67,4/15/2009,8.8,1.23880597,2008,17,2009,3,Klöva,s,s,s,2,s,l,l,l,l,d,NA,NA,2,january-may,yes,2,unknown,W8606,27
W0406_2004,W0406,2003,M,2003,1,WithMother,4.5,-23.474,21,40,4/15/2004,3.6198,0.525,2003,1,2004,4,Hålla_k1:1,m,m,m,m,m,m,NA,NA,NA,NA,NA,NA,NA,NA,NA,NA,W0234,W9401,28
W0407_2004,W0407,2003,F,2003,1,WithMother,4.36,-23.504,17,38,4/15/2004,2.8946,0.447368421,2003,1,2004,4,Kuusi,m,m,m,m,m,m,l,l,l,l,l,l,0,NA,NA,NA,W0234,W9401,28
W0234_2004,W0234,2003,F,1999,5,WithCubs,4.15,-23.314,74,56,4/15/2004,3.463,1.321428571,2003,5,2004,3,Hålla,s,s,s,2,s,s,l,l,l,l,d,NA,2,january-june,yes,1,unknown,unknown,28
W0513_2005,W0513,2004,F,2004,1,WithMother,4.98,-23.012,22,40,4/27/2005,5.423,0.55,2004,1,2005,4,Syndre,m,m,m,m,m,l,l,l,l,l,l,l,0,NA,NA,NA,W0236,unknown,29
W0236_2005,W0236,2004,F,1999,6,WithCubs,3.64,-23.062,91,59,4/27/2005,5.1682,1.542372881,2004,6,2005,3,Toxa,s,s,s,1,s,l,l,l,l,l,l,l,1,january-may,yes,1,unknown,unknown,29
W0418_2004,W0418,2003,M,2003,1,WithMother,4.29,-23.134,27,42,4/19/2004,8.65,0.642857143,2003,1,2004,4,Lonahoa_k1:1,m,m,m,m,m,m,NA,NA,NA,NA,NA,NA,NA,NA,NA,NA,W0237,unknown,30
W0419_2004,W0419,2003,F,2003,1,WithMother,4.88,-22.924,22,38.5,4/19/2004,12.88,0.571428571,2003,1,2004,4,Göna,m,m,m,m,m,m,l,l,l,l,l,l,0,NA,NA,NA,W0237,unknown,30
W0237_2004,W0237,2003,F,1997,7,WithCubs,3.82,-22.954,93,61,4/19/2004,6.57,1.524590164,2003,7,2004,3,Lonahoa,s,s,s,2,2,2,l,l,l,l,l,l,2,january-june,yes,1,unknown,unknown,30
W1015_2010,W1015,2009,M,2009,1,WithMother,3.97,-22.922,14,39,4/23/2010,9.34,0.358974359,2009,1,2010,4,Virkas,m,m,m,m,m,m,l,l,l,l,l,l,NA,NA,NA,NA,W0237,unknown,31
W1016_2010,W1016,2009,M,2009,1,WithMother,4.38,-22.932,18,39.5,4/23/2010,6.9,0.455696203,2009,1,2010,4,Rovena,m,m,m,m,m,m,l,NA,NA,NA,NA,NA,NA,NA,NA,NA,W0237,unknown,31
W1017_2010,W1017,2009,F,2009,1,WithMother,4.29,-22.942,18,40,4/23/2010,7.9,0.45,2009,1,2010,4,Pässan,m,m,m,m,m,m,l,l,l,l,l,l,0,NA,NA,NA,W0237,unknown,31
W0237_2010,W0237,2009,F,1997,13,WithCubs,3.49,-22.762,90,60.5,4/23/2010,16.8,1.487603306,2009,13,2010,3,Lonahoa,s,s,s,3,s,s,l,l,l,l,l,l,3,january-june,yes,1,unknown,unknown,31
W1101_2011,W1101,2010,M,2010,1,WithMother,4.56,-22.55,12,38,4/18/2011,8.52,0.315789474,2010,1,2011,4,Bäker,m,m,m,m,l,l,l,l,l,d,NA,NA,NA,NA,NA,NA,W0303,unknown,32
W1102_2011,W1102,2010,M,2010,1,WithMother,4.74,-22.51,15.5,39.5,4/18/2011,8.12,0.392405063,2010,1,2011,4,Slådå,m,m,m,m,NA,NA,d,NA,NA,NA,NA,NA,NA,NA,NA,NA,W0303,unknown,32
W1305_2013,W1305,2012,F,2012,1,WithMother,4.8,-23.096,21.5,36,4/29/2013,9.81,0.597222222,2012,1,2013,4,Flickran,m,m,m,m,m,l,l,l,l,l,l,l,0,NA,NA,NA,W0303,unknown,32
W1306_2013,W1306,2012,M,2012,1,WithMother,4.83,-23.036,23,41,4/29/2013,8.84,0.56097561,2012,1,2013,4,Härkä,m,m,m,m,m,l,l,l,l,l,l,l,NA,NA,NA,NA,W0303,unknown,32
W0303_2011,W0303,2010,F,2002,9,WithCubs,4.62,-22.29,74,56,4/18/2011,7.03,1.321428571,2010,9,2011,3,Näcka,s,s,s,2,l,l,l,l,l,l,l,l,2,january-april,yes,1,W8906,W0012,32
W0303_2013,W0303,2012,F,2002,11,WithCubs,4.2,-22.956,80,61,4/29/2013,14.51,1.31147541,2012,11,2013,3,Näcka,s,s,s,2,s,l,l,l,l,l,l,l,2,january-may,yes,1,W8906,W0012,33
W0504_2005,W0504,2004,F,2004,1,WithMother,3.76,-22.562,25,41,4/15/2005,6.23,0.609756098,2004,1,2005,4,Räva,m,m,m,m,m,m,m,m,m,m,m,m,0,NA,NA,NA,W0326,unknown,34
W0512_2005,W0512,2004,M,2004,1,WithMother,4.58,-22.772,30,41,4/18/2005,9.14,0.731707317,2004,1,2005,4,Gällla_k1:2,m,m,m,m,m,m,m,m,m,m,m,m,NA,NA,NA,NA,W0326,unknown,34
W0326_2005,W0326,2004,F,1993,12,WithCubs,3.95,-22.592,96,62,4/15/2005,8.28,1.548387097,2004,12,2005,3,Gälla,s,s,s,2,s,s,2,s,s,2,s,s,2,january-december,no,1,unknown,unknown,34
W0815_2008,W0815,2007,M,2007,1,WithMother,4.5,-22.776,19,40.5,4/28/2008,4.4626,0.469135802,2007,1,2008,4,Gälla_k2:1,m,m,m,m,m,m,m,m,m,m,m,m,NA,NA,NA,NA,W0326,unknown,35
W0816_2008,W0816,2007,F,2007,1,WithMother,4.63,-22.516,19,40.5,4/28/2008,4.639,0.469135802,2007,1,2008,4,Svedda,m,m,m,m,m,m,m,m,m,m,m,m,0,NA,NA,NA,W0326,unknown,35
W0817_2008,W0817,2007,F,2007,1,WithMother,4.54,-22.696,17,39,4/28/2008,7.2948,0.435897436,2007,1,2008,4,Valla,m,m,m,m,m,m,m,m,m,m,m,m,0,NA,NA,NA,W0326,unknown,35
W0326_2008,W0326,2007,F,1993,15,WithCubs,4.25,-22.536,89,65,4/28/2008,6.06,1.369230769,2007,15,2008,3,Gälla,s,s,s,3,3,3,3,s,s,3,s,s,3,january-december,no,1,unknown,unknown,35
W1108_2011,W1108,2010,M,2010,1,WithMother,4.54,-22.76,13.5,39,4/26/2011,13.37,0.346153846,2010,1,2011,4,Gälla_k3:1,m,m,m,m,m,NA,NA,NA,NA,NA,NA,NA,NA,NA,NA,NA,W0326,unknown,36
W1109_2011,W1109,2010,M,2010,1,WithMother,4.53,-22.77,17,40,4/26/2011,11.99,0.425,2010,1,2011,4,Gälla_k3:2,m,m,m,m,m,NA,NA,NA,NA,NA,NA,NA,NA,NA,NA,NA,W0326,unknown,36
W1110_2011,W1110,2010,F,2010,1,WithMother,4.51,-22.73,14,39.5,4/26/2011,12.01,0.35443038,2010,1,2011,4,Strandas,m,m,m,m,m,NA,NA,l,l,l,l,l,0,NA,NA,NA,W0326,unknown,36
W0326_2011,W0326,2010,F,1993,18,WithCubs,4.4,-22.67,82,60,4/26/2011,12.36,1.366666667,2010,18,2011,3,Gälla,s,s,s,s,3,s,3,NA,NA,d,NA,NA,3,unknown,yes,1,unknown,unknown,36
W0611_2006,W0611,2005,F,2005,1,WithMother,4.91,-23.32,15,35,4/23/2006,10.22,0.428571429,2005,1,2006,4,Påska,m,m,m,m,m,m,l,l,l,l,l,l,0,NA,NA,NA,W0425,W0012,37
W0425_2006,W0425,2005,F,2000,6,WithCubs,4.81,-23.16,72,57,4/23/2006,8.33,1.263157895,2005,6,2006,3,Komola,s,s,s,2,2,s,l,l,l,l,l,l,2,january-june,yes,1,W0325,W0012,37
W0823_2008,W0823,2007,F,2007,1,WithMother,4.5,-23.006,9.5,35,4/30/2008,5.57,0.271428571,2007,1,2008,4,Håva,m,m,m,m,m,d,NA,NA,NA,NA,NA,NA,1,NA,NA,NA,W0425,unknown,38
W0824_2008,W0824,2007,M,2007,1,WithMother,4.59,-22.926,12.5,37,4/30/2008,4.5998,0.337837838,2007,1,2008,4,Gerko,m,m,m,m,m,l,l,l,l,l,l,l,NA,NA,NA,NA,W0425,unknown,38
W0825_2008,W0825,2007,F,2007,1,WithMother,4.51,-22.606,11.5,36,4/30/2008,5.1878,0.319444444,2007,1,2008,4,Galju,m,m,m,m,m,l,l,l,l,l,l,l,0,NA,NA,NA,W0425,unknown,38
W0425_2008,W0425,2007,F,2000,8,WithCubs,4.23,-22.686,71,58,4/30/2008,9.5586,1.224137931,2007,8,2008,3,Komola,s,s,s,3,s,l,l,l,l,l,l,l,3,january-may,yes,1,W0325,W0012,38
W1111_2011,W1111,2010,F,2010,1,WithMother,4.41,-23.03,8,36,4/27/2011,11.45,0.222222222,2010,1,2011,4,Komola_k3:3,m,m,m,m,m,NA,NA,NA,NA,NA,NA,NA,0,NA,NA,NA,W0425,unknown,39
W0425_2011,W0425,2010,F,2000,11,WithCubs,4.18,-22.93,65.4,57,4/27/2011,9.74,1.147368421,2010,11,2011,3,Komola,s,s,s,1,1,l,l,l,l,l,l,l,1,january-may,yes,1,W0325,W0012,39
W1315_2013,W1315,2012,F,2012,1,WithMother,4.61,-22.976,15,38,5/22/2013,8.01,0.394736842,2012,1,2013,4,Roudina,m,m,m,m,m,l,l,l,l,l,l,l,0,NA,NA,NA,W0425,unknown,40
W1316_2013,W1316,2012,M,2012,1,WithMother,4.52,-23.086,17,40,5/22/2013,9.81,0.425,2012,1,2013,4,Token,m,m,m,m,m,l,l,l,l,l,l,l,NA,NA,NA,NA,W0425,unknown,40
W1317_2013,W1317,2012,M,2012,1,WithMother,4.7,-23.166,15.5,40,5/22/2013,7.77,0.3875,2012,1,2013,4,Silå,m,m,m,m,m,l,l,l,l,l,l,l,NA,NA,NA,NA,W0425,unknown,40
W0425_2013,W0425,2012,F,2000,13,WithCubs,4.65,-23.556,76,59,5/22/2013,10.86,1.288135593,2012,13,2013,3,Komola,s,s,s,s,3,2,l,l,l,l,l,l,3,january-june,yes,1,W0325,W0012,40
W0712_2007,W0712,2006,F,2006,1,WithMother,5.12,-23.108,12,37.5,4/20/2007,7.6378,0.32,2006,1,2007,4,Munka,m,m,m,m,m,m,m,m,m,m,m,m,0,NA,NA,NA,W0517,unknown,41
W0713_2007,W0713,2006,F,2006,1,WithMother,5.05,-23.188,12,38,4/20/2007,5.0898,0.315789474,2006,1,2007,4,Ambra,m,m,m,m,m,m,m,m,m,m,m,m,0,NA,NA,NA,W0517,unknown,41
W0517_2007,W0517,2006,F,2001,6,WithCubs,4.57,-23.178,62,53.5,4/20/2007,6.0698,1.158878505,2006,6,2007,3,Balsa,s,s,s,s,2,2,2,2,2,s,s,s,2,january-december,no,1,unknown,unknown,41
W1106_2011,W1106,2010,F,2010,1,WithMother,4.66,-22.49,10,36,4/26/2011,14.14,0.277777778,2010,1,2011,4,Välinga,m,m,m,m,m,l,l,l,l,l,d,NA,0,NA,NA,NA,W0517,unknown,42
W1107_2011,W1107,2010,M,2010,1,WithMother,4.43,-22.49,11,39,4/26/2011,9.8,0.282051282,2010,1,2011,4,Balsa_k3:2,m,m,m,m,m,NA,NA,NA,NA,NA,NA,NA,NA,NA,NA,NA,W0517,unknown,42
W0517_2011,W0517,2010,F,2001,10,WithCubs,4.26,-22.17,58,54,4/26/2011,11.05,1.074074074,2010,10,2011,3,Balsa,s,s,s,2,2,l,l,l,l,l,l,l,2,january-may,yes,1,unknown,unknown,42
W1301_2013,W1301,2012,M,2012,1,WithMother,5,-23.586,17,39.5,4/22/2013,8.03,0.430379747,2012,1,2013,4,Slindor,m,m,m,m,m,m,m,m,m,m,m,m,NA,NA,NA,NA,W0605,unknown,43
W1302_2013,W1302,2012,M,2012,1,WithMother,4.81,-23.706,17,40,4/22/2013,9.64,0.425,2012,1,2013,4,Bäcker,m,m,m,m,m,m,m,m,m,m,m,m,NA,NA,NA,NA,W0605,unknown,43
W0605_2013,W0605,2012,F,2005,8,WithCubs,4.63,-23.196,72,57,4/22/2013,8.18,1.263157895,2012,8,2013,3,Sälga,s,s,s,2,s,s,s,s,s,2,s,s,2,january-december,no,1,W0229,unknown,43
W0605_2016,W0605,2015,F,2005,11,WithCubs,4.49,-23.55,80.8,58,5/3/2016,8.27,1.393103448,2015,11,2016,3,Sälga,s,s,s,s,2,2,2,2,2,s,s,s,2,january-december,no,1,W0229,unknown,44
W1207_2012,W1207,2011,M,2011,1,WithMother,5.38,-23.478,20,42,5/3/2012,10.11,0.476190476,2011,1,2012,4,Linde,m,m,m,m,m,NA,NA,NA,NA,l,l,l,NA,NA,NA,NA,W0620,unknown,45
W0620_2012,W0620,2011,F,2005,7,WithCubs,4.42,-22.858,79,63,5/3/2012,8,1.253968254,2011,7,2012,3,Tvåska,s,s,s,s,1,NA,NA,NA,NA,NA,l,l,1,unknown,yes,1,W0004,unknown,45
W0620_2015,W0620,2014,F,2005,10,WithCubs,4.85,-23.242,106.5,63,4/18/2015,11.6,1.69047619,2014,10,2015,3,Tvåska,s,s,s,s,s,l,l,l,d,NA,NA,NA,3,january-june,yes,2,W0004,unknown,46
W1310_2013,W1310,2012,F,2012,1,WithMother,4.66,-21.976,18.5,41,4/30/2013,9.72,0.451219512,2012,1,2013,4,Svukka,m,m,m,m,m,m,m,m,m,l,l,l,0,NA,NA,NA,W0621,unknown,47
W1311_2013,W1311,2012,F,2012,1,WithMother,5.01,-22.196,17,37,4/30/2013,6.95,0.459459459,2012,1,2013,4,Tveknippa,m,m,m,m,m,m,m,m,m,l,l,l,0,NA,NA,NA,W0621,unknown,47
W0621_2013,W0621,2012,F,2005,8,WithCubs,4.21,-23.176,86,62,4/30/2013,27.41,1.387096774,2012,8,2013,3,Stöa,s,s,s,2,1,s,s,s,s,l,l,l,2,january-october,yes,1,W9913,W0424,47
W0621_2016,W0621,2015,F,2005,11,WithCubs,4.42,-23.12,93,62,5/17/2016,10.74,1.5,2015,11,2016,3,Stöa,s,s,s,s,3,s,3,s,s,s,s,s,3,january-december,yes,1,W9913,W0424,48
W1112_2011,W1112,2010,F,2010,1,WithMother,4.94,-23.24,18.5,40.5,4/28/2011,10.33,0.456790123,2010,1,2011,4,Horrmunda,m,m,m,m,m,l,l,l,l,l,l,l,0,NA,NA,NA,W0623,unknown,49
W0623_2011,W0623,2010,F,2005,6,WithCubs,4.4,-23.22,70,57,4/28/2011,10.91,1.228070175,2010,6,2011,3,Verva,s,s,s,1,s,l,l,l,l,l,l,l,1,january-may,yes,1,W9914,W0102,49
W0623_2016,W0623,2015,F,2005,11,WithCubs,3.91,-23.63,88,64,5/17/2016,11.05,1.375,2015,11,2016,3,Verva,s,s,s,s,1,NA,l,l,l,l,l,l,1,january-may,yes,1,W9914,W0102,50
W0626_2006,W0626,2005,F,2000,6,WithCubs,4.44,-23.23,76,57,6/19/2006,4.2078,1.333333333,2005,6,2006,3,Koski,s,s,s,s,s,2,l,l,l,l,l,l,2,january-june,yes,1,W9806,W9701,51
W0706_2016,W0706,2015,F,2006,10,WithCubs,4.63,-23.3,83.6,59,5/4/2016,7.39,1.416949153,2015,10,2016,3,Brända,s,s,s,s,1,NA,l,l,l,l,l,l,1,january-may,yes,1,W9814,W0327,52
W0713_2015,W0713,2014,F,2006,9,WithCubs,4.68,-23.192,62.8,56.5,4/23/2015,16.66,1.111504425,2014,9,2015,3,Ambra,s,s,s,2,s,s,s,s,s,s,s,s,2,january-december,no,1,W0517,unknown,53
W1002_2010,W1002,2009,M,2009,1,WithMother,4.55,-23.402,21,38,4/13/2010,7.2,0.552631579,2009,1,2010,4,Spjuta_k2:1,m,m,m,m,NA,NA,NA,NA,NA,NA,NA,NA,NA,NA,NA,NA,W0716,unknown,54
W1003_2010,W1003,2009,M,2009,1,WithMother,4.49,-23.212,19,38,4/13/2010,6.64,0.5,2009,1,2010,4,Härfläck,m,m,m,m,l,l,d,NA,NA,NA,NA,NA,NA,NA,NA,NA,W0716,unknown,54
W1004_2010,W1004,2009,M,2009,1,WithMother,4.6,-23.462,18,38,4/13/2010,11.82,0.473684211,2009,1,2010,4,Päjer,m,m,m,m,l,l,l,l,l,l,l,l,NA,NA,NA,NA,W0716,unknown,54
W0716_2010,W0716,2009,F,2001,9,WithCubs,3.94,-23.332,89,60,4/13/2010,14.58,1.483333333,2009,9,2010,3,Spjuta,s,s,s,3,l,l,l,l,l,l,l,l,3,january-april,yes,1,unknown,unknown,54
W1204_2012,W1204,2011,M,2011,1,WithMother,5.57,-23.768,18.5,37,5/2/2012,11.18,0.5,2011,1,2012,4,Kil-kalle,m,m,m,m,m,m,l,l,l,l,l,l,NA,NA,NA,NA,W0716,unknown,55
W1209_2012,W1209,2011,F,2011,1,WithMother,5.44,-23.738,NA,37,5/21/2012,9.71,NA,2011,1,2012,4,Järpa,m,m,m,m,m,m,l,l,l,l,l,l,0,NA,NA,NA,W0716,unknown,55
W0716_2012,W0716,2011,F,2001,11,WithCubs,4.49,-23.108,87,60,5/2/2012,6.38,1.45,2011,11,2012,3,Spjuta,s,s,s,2,s,s,l,l,l,1,l,l,2,january-june,yes,1,unknown,unknown,55
W0720_2011,W0720,2010,F,2000,11,WithCubs,4.65,-22.87,56,56,4/19/2011,10.03,1,2010,11,2011,3,Rådika,s,s,s,2,s,l,l,l,l,l,l,l,2,january-may,yes,2,unknown,unknown,56
W0720_2015,W0720,2014,F,2000,15,WithCubs,4.48,-22.992,76.6,59,4/23/2015,13,1.298305085,2014,15,2015,3,Rådika,s,s,s,2,s,l,l,l,l,l,l,l,2,january-may,yes,2,unknown,unknown,57
W1010_2010,W1010,2009,M,2009,1,WithMother,4.41,-22.832,15.5,39,4/22/2010,9.38,0.397435897,2009,1,2010,4,Itav,m,m,m,m,m,m,m,m,m,m,m,m,NA,NA,NA,NA,W0826,unknown,58
W1011_2010,W1011,2009,F,2009,1,WithMother,4.56,-22.792,17,34,4/22/2010,8.78,0.5,2009,1,2010,4,Lillunn,m,m,m,m,m,m,m,m,m,m,m,m,0,NA,NA,NA,W0826,unknown,58
W1012_2010,W1012,2009,M,2009,1,WithMother,4.46,-23.192,20,38,4/22/2010,10.2,0.526315789,2009,1,2010,4,Litå,m,m,m,m,m,m,m,m,m,m,m,m,NA,NA,NA,NA,W0826,unknown,58
W0826_2010,W0826,2009,F,1997,13,WithCubs,4.11,-22.682,83,62,4/22/2010,10.04,1.338709677,2009,13,2010,3,Andljusa,s,s,s,s,s,s,s,s,s,s,s,s,3,january-december,no,1,unknown,unknown,58
W1017_2016,W1017,2015,F,2009,7,WithCubs,4.54,-23.07,86.8,57,5/2/2016,8.51,1.522807018,2015,7,2016,3,Pässan,s,s,s,1,1,l,l,l,l,l,l,l,1,january-may,yes,1,W0237,unknown,59
W1112_2016,W1112,2015,F,2010,6,WithCubs,4.85,-23.44,89.6,62,5/17/2016,7.77,1.44516129,2015,6,2016,3,Horrmunda,s,s,s,s,s,l,l,l,d,NA,NA,NA,unknown,january-may,yes,1,W0623,unknown,60
W1203_2016,W1203,2015,F,2008,8,WithCubs,5.17,-23.8,77.8,56.5,5/4/2016,7.05,1.37699115,2015,8,2016,3,Pengel,s,s,s,3,3,NA,l,l,l,l,l,l,3,january-may,yes,1,unknown,unknown,61
W1319_2016,W1319,2015,F,2009,7,WithCubs,4.36,-23.51,72.6,57,5/1/2016,10.22,1.273684211,2015,7,2016,3,Snygga,s,s,s,1,1,NA,l,l,l,l,l,l,3,january-may,yes,1,unknown,unknown,62
W1417_2016,W1417,2015,F,NA,NA,WithCubs,4.66,-24.12,76,55,5/4/2016,12.72,1.381818182,2015,NA,2016,3,Brunna,s,s,s,s,2,NA,NA,NA,NA,l,l,l,2,unknown,yes,1,unknown,unknown,63
W9612_1996,W9612,1995,M,1995,1,WithMother,4.8,-23.16,28,43,4/21/1996,4.1392,0.651162791,1995,1,1996,4,Hauku,m,m,m,m,m,l,l,l,l,l,l,l,NA,NA,NA,NA,W8808,unknown,64
W9613_1996,W9613,1995,F,1995,1,WithMother,4.44,-23.37,26,43,4/21/1996,5.5308,0.604651163,1995,1,1996,4,Tikka,m,m,m,m,m,D,NA,NA,NA,NA,NA,NA,0,NA,NA,NA,W8808,unknown,64
W8808_1996,W8808,1995,F,1981,15,WithCubs,3.92,-22.99,94,62,4/21/1996,4.6586,1.516129032,1995,15,1996,3,Noppihonan,s,s,s,3,s,l,l,l,l,l,l,l,3,january-may,yes,1,unknown,unknown,64
W9910_1999,W9910,1998,F,1998,1,WithMother,5,-22.844,27,50,6/27/1999,4.3744,0.54,1998,1,1999,4,Hinsa,m,m,m,m,m,l,d,NA,NA,NA,NA,NA,0,NA,NA,NA,W8808,W9301,65
W9911_1999,W9911,1998,F,1998,1,WithMother,4.92,-22.994,22.5,38,4/19/1999,4.4234,0.592105263,1998,1,1999,4,Sika,m,m,m,m,m,l,l,l,l,l,l,l,0,NA,NA,NA,W8808,W9301,65
W9912_1999,W9912,1998,F,1998,1,WithMother,4.79,-22.884,21,39,4/19/1999,4.3058,0.538461538,1998,1,1999,4,Noppi_k7:3,m,m,m,m,d,NA,NA,NA,NA,NA,NA,NA,0,NA,NA,NA,W8808,unknown,65
W8808_1999,W8808,1998,F,1981,18,WithCubs,4.21,-22.774,90,61,4/19/1999,5.0702,1.475409836,1998,18,1999,3,Noppihonan,s,s,s,3,2,l,l,l,l,l,l,l,3,january-may,yes,1,unknown,unknown,65
W0320_2003,W0320,2002,M,2002,1,WithMother,5.27,-23.106,19,39.5,4/24/2003,11.04,0.481012658,2002,1,2003,4,Noppi_k9:1,m,m,m,m,m,NA,NA,NA,NA,NA,NA,NA,NA,NA,NA,NA,W8808,W9921,66
W0321_2003,W0321,2002,M,2002,1,WithMother,4.97,-23.136,17,37,4/24/2003,13.53,0.459459459,2002,1,2003,4,Noppi_k9:2,m,m,m,m,m,NA,NA,NA,NA,NA,NA,NA,NA,NA,NA,NA,W8808,W9921,66
W8808_2003,W8808,2002,F,1981,22,WithCubs,4.22,-22.816,83,62,4/24/2003,7.81,1.338709677,2002,22,2003,3,Noppihonan,s,s,s,3,D,NA,NA,NA,NA,NA,NA,NA,3,unknown,unknown,1,unknown,unknown,66
W9603_1996,W9603,1995,M,1995,1,WithMother,5.11,-23.13,26.5,41,4/19/1996,4.247,0.646341463,1995,1,1996,4,Mossi_k4:1,m,m,m,m,m,m,m,m,m,m,m,m,NA,NA,NA,NA,W8811,97SN02,67
W8811_1996,W8811,1995,F,1978,18,WithCubs,4.69,-22.62,102,64,4/19/1996,5.1486,1.59375,1995,18,1996,3,Mossihonan,s,s,s,3,2,s,s,s,2,s,s,s,3,january-december,no,1,unknown,unknown,67
W9605_1997,W9605,1996,F,1995,2,WithMother,4.81,-22.338,53,47,4/28/1997,2.3164,1.127659574,1996,2,1997,4,Pila,m,m,m,m,m,l,l,l,l,l,l,l,0,NA,NA,NA,W8811,unknown,68
W0024_2000,W0024,1999,M,1999,1,WithMother,5.4,-22.762,36,42,4/28/2000,4.2274,0.857142857,1999,1,2000,4,Mossi_k5:1,m,m,m,m,m,NA,NA,NA,NA,d,NA,NA,NA,NA,NA,NA,W8811,unknown,68
W8811_1997,W8811,1996,F,1978,19,WithCubs,4.99,-22.588,104,62,4/28/1997,3.512,1.677419355,1996,19,1997,3,Mossihonan,s,s,s,2,1,l,l,l,l,l,l,l,2,january-may,yes,2,unknown,unknown,68
W9703_1997,W9703,1996,F,1996,1,WithMother,5.85,-22.608,37,43,4/16/1997,3.7472,0.860465116,1996,1,1997,4,Tekla,m,m,m,m,m,m,l,l,l,d,NA,nA,0,NA,NA,NA,W8904,99X02,69
W8904_1997,W8904,1996,F,1987,10,WithCubs,5.13,-23.048,100,62,4/16/1997,3.561,1.612903226,1996,10,1997,3,Täxåshonan,s,s,s,1,1,1,l,l,l,l,l,l,1,january-june,yes,1,W8802,unknown,69
W0014_2000,W0014,1999,M,1999,1,WithMother,5.84,-23.022,42,45,4/16/2000,3.4924,0.933333333,1999,1,2000,4,Täxås_k6:1,m,m,m,m,m,NA,NA,NA,NA,NA,NA,NA,NA,NA,NA,NA,W8904,00W07,70
W0015_2000,W0015,1999,F,1999,1,WithMother,5.72,-22.942,36,41.5,4/17/2000,3.4336,0.86746988,1999,1,2000,4,Tälla,m,m,m,m,m,l,l,l,l,l,l,l,0,NA,NA,NA,W8904,00W07,70
W8904_2000,W8904,1999,F,1987,13,WithCubs,5.17,-22.772,107,60,4/16/2000,4.0412,1.783333333,1999,13,2000,3,Täxåshonan,s,s,s,2,s,l,l,l,l,l,l,l,2,january-may,yes,1,W8802,unknown,70
W0313_2003,W0313,2002,M,2002,1,WithMother,5,-22.886,24,41,4/16/2003,10.46,0.585365854,2002,1,2003,4,Täxås_k9:1,m,m,m,m,m,m,m,m,m,NA,NA,NA,NA,NA,NA,NA,W8904,unknown,71
W0314_2003,W0314,2002,M,2002,1,WithMother,4.86,-23.066,21,41,4/16/2003,9.26,0.512195122,2002,1,2003,4,Täxås_k9:2,m,m,m,m,m,m,m,m,m,d,NA,NA,NA,NA,NA,NA,W8904,unknown,71
W8904_2003,W8904,2002,F,1987,16,WithCubs,4.39,-23.116,84,60,4/16/2003,7.69,1.4,2002,16,2003,3,Täxåshonan,s,s,s,s,s,s,s,s,1,NA,NA,NA,2,unknown,yes,1,W8802,unknown,71
W0607_2006,W0607,2005,F,2005,1,WithMother,5.06,-23.22,17,37,4/22/2006,5.4426,0.459459459,2005,1,2006,4,Ränna,m,m,m,m,m,l,l,l,d,NA,NA,NA,0,NA,NA,NA,W8904,unknown,72
W0608_2006,W0608,2005,F,2005,1,WithMother,5.14,-23.49,24,40,4/22/2006,9.8232,0.6,2005,1,2006,4,Ribba,m,m,m,m,m,l,l,l,l,l,l,l,0,NA,NA,NA,W8904,unknown,72
W0609_2006,W0609,2005,F,2005,1,WithMother,5.29,-23.23,22.5,39,4/22/2006,6.5304,0.576923077,2005,1,2006,4,Högåsa,m,m,m,m,m,l,l,l,l,l,l,l,0,NA,NA,NA,W8904,unknown,72
W8904_2006,W8904,2005,F,1987,19,WithCubs,4.75,-23.44,91,61,4/22/2006,6.207,1.491803279,2005,19,2006,3,Täxåshonan,s,s,s,2,2,l,l,l,D,NA,NA,NA,3,january-may,yes,1,W8802,unknown,72
W9614_1996,W9614,1995,M,1995,1,WithMother,4.83,-22.87,25,40,4/22/1996,4.982,0.625,1995,1,1996,4,Vässin,m,m,m,m,l,NA,NA,NA,NA,NA,NA,NA,NA,NA,NA,NA,W8905,W9409,73
W9615_1996,W9615,1995,F,1995,1,WithMother,4.48,-22.95,21,39.5,4/22/1996,5.766,0.53164557,1995,1,1996,4,Keiko,m,m,m,m,l,NA,NA,NA,NA,NA,NA,NA,0,NA,NA,NA,W8905,W9409,73
W8905_1996,W8905,1995,F,1987,9,WithCubs,4.29,-22.66,85,59,4/22/1996,4.3744,1.440677966,1995,9,1996,3,Björnbergshonan,s,s,s,2,l,l,l,l,l,l,l,l,2,january-april,yes,1,W8707,W8804,73
W9701_1997,W9701,1996,M,1996,1,WithMother,4.77,-23.418,35.5,39,4/15/1997,5.1584,0.91025641,1996,1,1997,4,Bjoke,m,m,m,m,m,l,l,l,l,l,l,l,NA,NA,NA,NA,W8906,unknown,74
W9702_1997,W9702,1996,M,1996,1,WithMother,4.88,-23.428,35,40,4/15/1997,4.5312,0.875,1996,1,1997,4,Grane,m,m,m,m,m,l,l,l,l,l,l,l,NA,NA,NA,NA,W8906,unknown,74
W8906_1997,W8906,1996,F,1981,16,WithCubs,4.44,-23.048,118,65,4/15/1997,3.6198,1.815384615,1996,16,1997,3,Tunturihonan,s,s,s,2,s,l,l,l,l,l,l,l,2,january-may,yes,1,unknown,unknown,74
W9918_1999,W9918,1998,M,1998,1,WithMother,5.1,-22.734,26,41,4/21/1999,4.1196,0.634146341,1998,1,1999,4,Ajto,m,m,m,m,m,l,l,l,l,l,l,l,NA,NA,NA,NA,W8906,W9807,75
W9919_1999,W9919,1998,F,1998,1,WithMother,5.26,-22.784,22,40,4/21/1999,4.2372,0.55,1998,1,1999,4,Milla,m,m,m,m,m,l,l,l,d,NA,NA,NA,0,NA,NA,NA,W8906,W9807,75
W9920_1999,W9920,1998,M,1998,1,WithMother,5.07,-22.784,23,40,4/21/1999,3.561,0.575,1998,1,1999,4,Alan,m,m,m,m,m,l,l,l,l,l,l,l,NA,NA,NA,NA,W8906,W9807,75
W8906_1999,W8906,1998,F,1981,18,WithCubs,4.82,-22.854,110,66,4/21/1999,4.3352,1.666666667,1998,18,1999,3,Tunturihonan,s,s,s,3,s,l,l,l,l,l,l,l,3,january-may,yes,1,unknown,unknown,75
W0115_2001,W0115,2000,M,2000,1,WithMother,4.4,-23.11,26,41,4/25/2001,3.7374,0.634146341,2000,1,2001,4,Tunturi_k6:1,m,m,m,m,m,NA,NA,NA,NA,NA,NA,NA,NA,NA,NA,NA,W8906,W9301,76
W0116_2001,W0116,2000,M,2000,1,WithMother,5.34,-23.25,28,42,4/25/2001,4.2274,0.666666667,2000,1,2001,4,Tunturi_k6:2,m,m,m,m,m,NA,NA,NA,NA,NA,NA,NA,NA,NA,NA,NA,W8906,W9301,76
W0117_2001,W0117,2000,F,2000,1,WithMother,5.64,-21.95,18,39,4/25/2001,4.9722,0.461538462,2000,1,2001,4,Delåsa,m,m,m,m,m,l,l,l,l,l,l,l,0,NA,NA,NA,W8906,W9301,76
W8906_2001,W8906,2000,F,1981,20,WithCubs,4.72,-22.71,125,69,4/25/2001,3.3748,1.811594203,2000,20,2001,3,Tunturihonan,s,s,s,3,3,l,l,l,l,l,l,l,3,january-may,yes,1,unknown,unknown,76
W0301_2003,W0301,2002,M,2002,1,WithMother,5.28,-23.456,14,35,4/13/2003,9.94,0.4,2002,1,2003,4,Tunturi_k7:1,m,m,m,m,m,NA,NA,NA,NA,NA,NA,NA,NA,NA,NA,NA,W8906,W0012,77
W0302_2003,W0302,2002,M,2002,1,WithMother,5.1,-23.076,26,41,4/13/2003,8.86,0.634146341,2002,1,2003,4,Tunturi_k7:2,m,m,m,m,m,NA,NA,NA,NA,NA,NA,NA,NA,NA,NA,NA,W8906,W0012,77
W0303_2003,W0303,2002,F,2002,1,WithMother,5.52,-23.106,18,38,4/13/2003,4.2372,0.473684211,2002,1,2003,4,Näcka,m,m,m,m,m,l,l,l,l,l,l,l,0,NA,NA,NA,W8906,W0012,77
W8906_2003,W8906,2002,F,1981,22,WithCubs,4.65,-22.926,97,65,4/13/2003,5.36,1.492307692,2002,22,2003,3,Tunturihonan,s,s,s,3,s,l,l,l,l,l,l,l,3,january-may,yes,1,unknown,unknown,77
W0507_2005,W0507,2004,F,2004,1,WithMother,4.4,-23.892,22,41,4/16/2005,5.9718,0.536585366,2004,1,2005,4,Läfta,m,m,m,m,l,l,l,l,l,l,l,l,0,NA,NA,NA,W8906,unknown,78
W8906_2005,W8906,2004,F,1981,24,WithCubs,3.89,-23.742,127,70,4/16/2005,8.0592,1.814285714,2004,24,2005,3,Tunturihonan,s,s,s,1,l,l,l,l,l,D,NA,NA,1,january-april,yes,1,unknown,unknown,78
W9602_1996,W9602,1995,F,1995,1,WithMother,4.86,-22.92,18,39,4/12/1996,4.394,0.461538462,1995,1,1996,4,Myra,m,m,m,m,m,m,m,m,m,m,m,m,0,NA,NA,NA,W9003,W0108,79
W9003_1997,W9003,1996,F,1989,8,WithCubs,5.03,-22.728,103,59,4/16/1997,3.6394,1.745762712,1996,8,1997,3,Jöllmyrshonan,s,s,2,2,2,l,l,l,l,l,l,l,2,january-may,yes,2,W8802,unknown,79
W9907_1999,W9907,1998,M,1998,1,WithMother,4.86,-22.484,29,42,4/12/1999,3.0122,0.69047619,1998,1,1999,4,Jöllmyr_k3:1,m,m,m,m,m,NA,NA,NA,NA,NA,NA,NA,NA,NA,NA,NA,W9003,W0108,80
W9908_1999,W9908,1998,F,1998,1,WithMother,4.69,-22.774,23,41.5,4/12/1999,4.1294,0.554216867,1998,1,1999,4,Sussi,m,m,m,m,m,l,l,l,l,l,l,NA,0,NA,NA,NA,W9003,unknown,80
W9003_1999,W9003,1998,F,1989,10,WithCubs,4.41,-22.934,104,61,4/12/1999,3.4924,1.704918033,1998,10,1999,3,Jöllmyrshonan,s,s,s,s,2,l,l,l,l,l,l,l,2,january-may,yes,1,W8802,unknown,80
W0107_2001,W0107,2000,F,2000,1,WithMother,5.49,-22.69,28.5,44,4/18/2001,3.708,0.647727273,2000,1,2001,4,Akita,m,m,m,m,m,m,m,m,l,l,l,l,0,NA,NA,NA,W9003,unknown,81
W9003_2001,W9003,2000,F,1989,12,WithCubs,5.1,-22.91,112,62,4/18/2001,3.3552,1.806451613,2000,12,2001,3,Jöllmyrshonan,s,s,s,s,s,1,1,s,D,NA,NA,NA,1,january-august,yes,1,W8802,unknown,81
W9007_2002,W9007,2001,F,1986,16,WithCubs,4.25,-22.858,90,62,4/18/2002,5.4328,1.451612903,2001,16,2002,3,Rassakuhonan,s,s,s,2,s,l,l,l,l,l,l,l,2,january-may,yes,1,W8811,unknown,82
W0404_2004,W0404,2003,M,2003,1,WithMother,4.37,-23.124,25,41,4/14/2004,3.8844,0.609756098,2003,1,2004,4,Rassaku_k4:1,m,m,m,m,m,NA,NA,NA,NA,NA,NA,NA,NA,NA,NA,NA,W9007,W9916,83
W0405_2004,W0405,2003,F,2003,1,WithMother,4.76,-22.964,29,45,4/14/2004,3.3552,0.644444444,2003,1,2004,4,Kroka,m,m,m,m,m,l,l,l,l,l,l,l,0,NA,NA,NA,W9007,W9916,83
W9007_2004,W9007,2003,F,1986,18,WithCubs,4.19,-22.934,98,62,4/14/2004,4.345,1.580645161,2003,18,2004,3,Rassakuhonan,s,s,s,2,s,l,l,l,D,NA,NA,NA,2,january-may,yes,1,W8811,unknown,83
W9608_1996,W9608,1995,M,1995,1,WithMother,3.79,-23.75,24,40,4/20/1996,4.835,0.6,1995,1,1996,4,Granfjällbjörn,m,m,m,m,m,l,l,l,l,l,l,l,NA,NA,NA,NA,W9008,W9505,84
W9609_1996,W9609,1995,M,1995,1,WithMother,3.87,-23.61,23,40,4/20/1996,5.129,0.575,1995,1,1996,4,Syndalsbjörn,m,m,m,m,m,l,l,l,l,l,l,l,NA,NA,NA,NA,W9008,W9505,84
W9610_1996,W9610,1995,M,1995,1,WithMother,3.99,-23.59,26,42,4/20/1996,5.6778,0.619047619,1995,1,1996,4,Öjskogsbjörn,m,m,m,m,m,l,l,l,l,l,l,l,NA,NA,NA,NA,W9008,W9505,84
W9008_1996,W9008,1995,F,1986,10,WithCubs,3.26,-23.45,95,60,4/20/1996,4.6488,1.583333333,1995,10,1996,3,Rensjöhonan,s,s,s,3,3,l,l,l,l,l,l,l,3,january-may,yes,1,W8811,unknown,84
W9804_1998,W9804,1997,F,1997,1,WithMother,4.81,-23.166,27,43,4/15/1998,4.1784,0.627906977,1997,1,1998,4,Borregaard,m,m,m,m,m,m,l,l,l,l,l,l,0,NA,NA,NA,W9008,W9811,85
W9805_1998,W9805,1997,F,1997,1,WithMother,4.8,-23.216,25,40,4/15/1998,4.688,0.625,1997,1,1998,4,Rensjö_k5:2,m,m,m,m,m,m,d,NA,NA,NA,NA,NA,0,NA,NA,NA,W9008,W9811,85
W9008_1998,W9008,1997,F,1986,12,WithCubs,3.92,-23.356,102,62,4/15/1998,3.6394,1.64516129,1997,12,1998,3,Rensjöhonan,s,s,s,2,s,l,l,l,l,l,l,l,2,january-may,yes,1,W8811,unknown,85
W0021_2000,W0021,1999,F,1999,1,WithMother,4.6,-23.252,30,40,4/28/2000,7.45,0.75,1999,1,2000,4,Tangå,m,m,m,m,m,m,l,l,l,l,l,l,0,NA,NA,NA,W9008,W9505,86
W0022_2000,W0022,1999,M,1999,1,WithMother,4.67,-23.052,30,39,4/28/2000,12.57,0.769230769,1999,1,2000,4,Rensjö_k6:2,m,m,m,m,m,m,NA,NA,NA,NA,NA,NA,NA,NA,NA,NA,W9008,W9505,86
W0023_2000,W0023,1999,M,1999,1,WithMother,4.71,-23.262,28,38,4/28/2000,5.7,0.736842105,1999,1,2000,4,Rensjö_k6:3,m,m,m,m,m,m,NA,NA,NA,NA,NA,NA,NA,NA,NA,NA,W9008,W9505,86
W9008_2000,W9008,1999,F,1986,14,WithCubs,3.92,-23.252,111,61,4/28/2000,5.42,1.819672131,1999,14,2000,3,Rensjöhonan,s,s,s,3,s,s,l,l,l,l,l,l,3,january-june,yes,1,W8811,unknown,86
W0219_2002,W0219,2001,F,2001,1,WithMother,4.73,-23.228,24,42,4/24/2002,5.1976,0.571428571,2001,1,2002,4,Ljöra,m,m,m,m,m,l,l,l,l,l,l,l,0,NA,NA,NA,W9008,W0202,87
W0220_2002,W0220,2001,M,2001,1,WithMother,4.59,-23.258,25,40,4/24/2002,5.6288,0.625,2001,1,2002,4,Rensjö_k6:2,m,m,m,m,m,NA,NA,NA,NA,NA,NA,NA,NA,NA,NA,NA,W9008,W0202,87
W9008_2002,W9008,2001,F,1986,16,WithCubs,3.99,-23.378,96,63,4/24/2002,5.2956,1.523809524,2001,16,2002,3,Rensjöhonan,s,s,s,2,s,l,l,l,D,NA,NA,NA,2,january-may,yes,1,W8811,unknown,87
W9801_1998,W9801,1997,M,1997,1,WithMother,4.63,-23.256,25.5,41,4/14/1998,4.345,0.62195122,1997,1,1998,4,Lohos,m,m,m,m,m,l,l,l,l,l,l,l,NA,NA,NA,NA,W9101,W9301,88
W9101_1998,W9101,1997,F,1990,8,WithCubs,4.09,-23.206,95,62,4/14/1998,3.6394,1.532258065,1997,8,1998,3,Griffel,s,s,s,1,1,l,l,l,l,l,l,l,1,january-may,yes,1,W8906,W8607,88
W0112_2001,W0112,2000,M,2000,1,WithMother,4.93,-22.78,22,40,4/25/2001,8.83,0.55,2000,1,2001,4,Griffel_k4:1,m,m,m,m,m,NA,NA,NA,NA,NA,NA,NA,NA,NA,NA,NA,W9101,W9701,89
W0113_2001,W0113,2000,M,2000,1,WithMother,4.79,-23.08,20,39,4/25/2001,10.46,0.512820513,2000,1,2001,4,Griffel_k4:2,m,m,m,m,m,NA,NA,NA,NA,NA,NA,NA,NA,NA,NA,NA,W9101,W9701,89
W0114_2001,W0114,2000,M,2000,1,WithMother,4.64,-23.02,19,38,4/25/2001,11.02,0.5,2000,1,2001,4,Griffel_k4:3,m,m,m,m,m,NA,NA,NA,NA,NA,NA,NA,NA,NA,NA,NA,W9101,W9701,89
W9101_2001,W9101,2000,F,1990,11,WithCubs,4.29,-22.84,93,61,4/25/2001,9.62,1.524590164,2000,11,2001,3,Griffel,s,s,s,3,s,l,l,l,l,l,l,l,3,january-may,yes,1,W8906,W8607,89
W0315_2003,W0315,2002,M,2002,1,WithMother,4.89,-22.916,13,36,4/23/2003,5.2074,0.361111111,2002,1,2003,4,Griffel_k5:1,m,m,m,m,m,NA,NA,NA,NA,NA,NA,NA,NA,NA,NA,NA,W9101,W9921,90
W0316_2003,W0316,2002,M,2002,1,WithMother,5.34,-22.916,14,37,4/23/2003,7.138,0.378378378,2002,1,2003,4,Griffel_k5:2,m,m,m,m,m,NA,NA,NA,NA,NA,NA,NA,NA,NA,NA,NA,W9101,W9921,90
W9101_2003,W9101,2002,F,1990,13,WithCubs,4.6,-22.856,81,61,4/23/2003,5.9522,1.327868852,2002,13,2003,3,Griffel,s,s,s,2,s,l,l,l,l,l,l,l,2,january-may,yes,1,W8906,W8607,90
W0505_2005,W0505,2004,F,2004,1,WithMother,4.28,-23.642,23.5,40,4/16/2005,5.8346,0.5875,2004,1,2005,4,Kampa,m,m,m,m,m,l,l,l,l,l,l,l,0,NA,NA,NA,W9101,unknown,91
W0506_2005,W0506,2004,M,2004,1,WithMother,4.02,-23.452,27.5,42,4/16/2005,6.942,0.654761905,2004,1,2005,4,Griffel_k6:2,m,m,m,m,m,NA,NA,NA,NA,NA,NA,NA,NA,NA,NA,NA,W9101,unknown,91
W9101_2005,W9101,2004,F,1990,15,WithCubs,4.46,-23.392,106,64,4/16/2005,3.5218,1.65625,2004,15,2005,3,Griffel,s,s,s,2,2,l,l,l,l,l,l,l,2,january-may,yes,1,W8906,W8607,91
W9606_1996,W9606,1995,F,1995,1,WithMother,4.67,-23.66,21,41,4/20/1996,4.5116,0.512195122,1995,1,1996,4,Koska_k1:1,m,m,m,m,m,m,m,NA,NA,NA,NA,NA,0,NA,NA,NA,W9207,W9002,92
W9607_1996,W9607,1995,F,1995,1,WithMother,4.54,-23.56,21,40,4/20/1996,4.3254,0.525,1995,1,1996,4,Koska_k1:2,m,m,m,m,m,m,m,NA,NA,NA,NA,NA,0,NA,NA,NA,W9207,W9002,92
W9207_1996,W9207,1995,F,1991,5,WithCubs,3.54,-23.44,76,56,4/20/1996,4.59,1.357142857,1995,5,1996,3,Koska,s,s,s,2,2,2,s,l,l,l,l,l,2,january-july,yes,1,W8808,W8503,92
W9208_1997,W9208,1996,F,1991,6,WithCubs,5.37,-22.858,99,59,4/17/1997,3.6394,1.677966102,1996,6,1997,3,Barka,s,s,s,2,s,s,l,l,l,l,l,l,2,january-june,yes,1,W8808,W8503,93
W9808_1998,W9808,1997,F,1997,1,WithMother,4.51,-23.226,24,42,4/18/1998,4.6488,0.571428571,1997,1,1998,4,Eja,m,m,m,m,l,l,l,l,l,l,l,l,0,NA,NA,NA,W9306,W8601,94
W9809_1998,W9809,1997,M,1997,1,WithMother,4.38,-23.166,25,43,4/18/1998,4.0706,0.581395349,1997,1,1998,4,Åmyn,m,m,m,m,m,l,l,l,l,l,l,l,NA,NA,NA,NA,W9306,W8601,94
W9306_1998,W9306,1997,F,1992,6,WithCubs,3.8,-22.886,84,58,4/18/1998,3.316,1.448275862,1997,6,1998,3,Ava,s,s,s,2,1,l,l,l,l,l,l,l,2,january-may,yes,1,W8906,W8503,94
W0017_2000,W0017,1999,M,1999,1,WithMother,5.05,-23.222,30,38,4/27/2000,3.7962,0.789473684,1999,1,2000,4,Kataja,m,m,m,m,m,m,l,l,l,NA,NA,NA,NA,NA,NA,NA,W9307,W9301,95
W9307_2000,W9307,1999,F,1992,8,WithCubs,4.77,-22.902,89,59,4/27/2000,4.8742,1.508474576,1999,8,2000,2and3,Tippa,b,1+1,s,s,1,s,l,l,l,l,l,l,1,january-june,yes,0 and 1,W8906,W8503,95
W0210_2002,W0210,2001,M,2001,1,WithMother,5.24,-22.968,20,40,4/20/2002,5.9424,0.5,2001,1,2002,4,Tippa_k5:2,m,m,m,m,m,m,NA,NA,NA,NA,NA,NA,NA,NA,NA,NA,W9307,W9701,96
W0211_2002,W0211,2001,M,2001,1,WithMother,5.19,-22.878,18.5,38,4/20/2002,5.3152,0.486842105,2001,1,2002,4,Tippa_k5:3,m,m,m,m,m,m,NA,NA,NA,NA,NA,NA,NA,NA,NA,NA,W9307,W9701,96
W0212_2002,W0212,2001,F,2001,1,WithMother,5.4,-22.868,17,38,4/20/2002,5.4818,0.447368421,2001,1,2002,4,Salma,m,m,m,m,m,m,l,l,l,l,l,l,0,NA,NA,NA,W9307,W9701,96
W9307_2002,W9307,2001,F,1992,10,WithCubs,4.59,-23.008,89,59,4/20/2002,6.8538,1.508474576,2001,10,2002,3,Tippa,s,s,s,3,s,s,l,l,l,l,l,l,3,january-june,yes,1,W8906,W8503,96
W0409_2004,W0409,2003,M,2003,1,WithMother,4.93,-23.504,21,40,4/16/2004,12.86,0.525,2003,1,2004,4,Tippa_k5:1,m,m,m,m,m,NA,NA,NA,NA,NA,NA,NA,NA,NA,NA,NA,W9307,W0011,97
W0410_2004,W0410,2003,F,2003,1,WithMother,4.64,-23.454,27,39,4/16/2004,12.18,0.692307692,2003,1,2004,4,Tomsa,m,m,m,m,m,l,l,l,l,l,l,l,0,NA,NA,NA,W9307,W9701,97
W9307_2004,W9307,2003,F,1992,12,WithCubs,4.48,-23.574,110,65,4/16/2004,9.66,1.692307692,2003,12,2004,3,Tippa,s,s,s,3,s,l,l,l,l,l,l,l,3,january-may,yes,1,W8906,W8503,97
W9812_1998,W9812,1997,F,1997,1,WithMother,4.77,-22.831,20,42,4/27/1998,4.4626,0.476190476,1997,1,1998,4,Moa,m,m,m,m,m,m,m,m,m,m,m,m,0,NA,NA,NA,W9308,W8807,98
W9813_1998,W9813,1997,M,1997,1,WithMother,5.29,-22.676,29,44,4/27/1998,4.2274,0.659090909,1997,1,1998,4,Amos,m,m,m,m,m,m,m,m,m,m,m,m,NA,NA,NA,NA,W9308,W8807,98
W9814_1998,W9814,1997,F,1997,1,WithMother,5.3,-22.696,23,42,4/27/1998,4.2274,0.547619048,1997,1,1998,4,Bella,m,m,m,m,m,m,m,m,m,m,m,m,0,NA,NA,NA,W9308,W8807,98
W9308_1998,W9308,1997,F,1988,10,WithCubs,4.26,-22.686,95,63,4/27/1998,4.2372,1.507936508,1997,10,1998,3,Järva,s,s,s,s,3,s,3,3,s,s,s,s,3,january-december,no,1,W8811,unknown,98
W0318_2003,W0318,2002,F,2002,1,WithMother,5.51,-22.866,25,41,4/24/2003,6.38,0.609756098,2002,1,2003,4,Tana,m,m,m,m,m,l,l,l,l,l,l,l,0,NA,NA,NA,W9308,W9901,99
W0319_2003,W0319,2002,M,2002,1,WithMother,5.54,-22.796,24,41,4/24/2003,10.47,0.585365854,2002,1,2003,4,Järva_k7:2,m,m,m,m,m,NA,NA,NA,NA,NA,NA,NA,NA,NA,NA,NA,W9308,unknown,99
W9308_2003,W9308,2002,F,1988,15,WithCubs,4.34,-22.736,101,65,4/24/2003,9.38,1.553846154,2002,15,2003,3,Järva,s,s,s,s,s,l,l,l,l,l,l,l,2,january-may,yes,1,W8811,unknown,99
W0612_2006,W0612,2005,M,2005,1,WithMother,4.97,-23.09,21.5,40,5/1/2006,4.149,0.5375,2005,1,2006,4,Krut,m,m,m,m,m,m,m,m,m,m,m,m,NA,NA,NA,NA,W9308,unknown,100
W0613_2006,W0613,2005,M,2005,1,WithMother,4.97,-23.2,14.5,34,5/1/2006,4.7272,0.426470588,2005,1,2006,4,Karlgrav,m,m,m,m,m,m,m,m,m,m,m,m,NA,NA,NA,NA,W9308,unknown,100
W0614_2006,W0614,2005,M,2005,1,WithMother,4.72,-23.14,19,40,5/1/2006,6.2364,0.475,2005,1,2006,4,Järva_k9:3,m,m,m,m,m,m,m,m,m,m,m,m,NA,NA,NA,NA,W9308,unknown,100
W0615_2006,W0615,2005,M,2005,1,WithMother,5.01,-23.17,29,44,5/1/2006,7.2458,0.659090909,2005,1,2006,4,Järva_k9:4,m,m,m,m,m,m,m,m,m,m,m,m,NA,NA,NA,NA,W9308,unknown,100
W9308_2006,W9308,2005,F,1988,18,WithCubs,4.25,-22.91,93,66,5/1/2006,5.0114,1.409090909,2005,18,2006,3,Järva,s,s,s,s,4,s,4,s,s,4,s,s,4,january-december,no,1,W8811,unknown,100
W0905_2009,W0905,2008,M,2008,1,WithMother,5.21,-22.924,28,43.5,4/21/2009,10.37,0.643678161,2008,1,2009,4,Järva_k10:1,m,m,m,m,m,m,m,m,m,m,m,m,NA,NA,NA,NA,W9308,unknown,101
W0906_2009,W0906,2008,M,2008,1,WithMother,5.02,-22.804,24,42,4/21/2009,11.67,0.571428571,2008,1,2009,4,Järva_k10:2,m,m,m,m,m,m,m,m,m,m,m,m,NA,NA,NA,NA,W9308,unknown,101
W9308_2009,W9308,2008,F,1988,21,WithCubs,4.08,-22.814,110,70,4/21/2009,13.3,1.571428571,2008,21,2009,3,Järva,s,s,s,2,s,s,2,s,s,2,s,s,2,january-december,no,1,W8811,unknown,101
W9803_1998,W9803,1997,F,1997,1,WithMother,5.23,-22.876,28,43,4/15/1998,3.6492,0.651162791,1997,1,1998,4,Nita,m,m,m,m,m,l,l,l,l,l,l,l,0,NA,NA,NA,W9310,unknown,102
W9310_1998,W9310,1997,F,1992,6,WithCubs,3.99,-22.546,90,62,4/15/1998,3.365,1.451612903,1997,6,1998,3,Sari,s,s,s,1,1,l,l,l,l,l,l,l,1,january-may,yes,1,W9308,W8807,102
W0006_2000,W0006,1999,M,1999,1,WithMother,4.73,-23.112,32,40,4/14/2000,5.3054,0.8,1999,1,2000,4,Sari_k2:1,m,m,m,m,m,NA,NA,NA,NA,NA,NA,NA,NA,NA,NA,NA,W9310,W0108,103
W0007_2000,W0007,1999,M,1999,1,WithMother,4.76,-23.102,38,43,4/14/2000,4.5704,0.88372093,1999,1,2000,4,Sari_k2:2,m,m,m,m,m,NA,NA,NA,NA,NA,NA,NA,NA,NA,NA,NA,W9310,W0108,103
W0008_2000,W0008,1999,F,1999,1,WithMother,4.65,-23.282,32,40,4/14/2000,4.1588,0.8,1999,1,2000,4,Vana,m,m,m,m,m,l,l,l,l,l,l,l,0,NA,NA,NA,W9310,W0108,103
W9310_2000,W9310,1999,F,1992,8,WithCubs,3.87,-22.902,100,60,4/14/2000,4.3156,1.666666667,1999,8,2000,3,Sari,s,s,s,3,s,l,l,l,l,l,l,l,3,january-may,yes,1,W9308,W8807,103
W0311_2003,W0311,2002,F,2002,1,WithMother,4.82,-22.516,20,40,4/16/2003,5.8346,0.5,2002,1,2003,4,Rita,m,m,m,m,m,m,m,m,l,l,l,l,0,NA,NA,NA,W9310,unknown,104
W0312_2003,W0312,2002,M,2002,1,WithMother,4.27,-22.616,24,31,4/16/2003,6.7264,0.774193548,2002,1,2003,4,Sari_k4:2,m,m,m,m,m,m,m,m,NA,NA,NA,NA,NA,NA,NA,NA,W9310,unknown,104
W9310_2003,W9310,2002,F,1992,11,WithCubs,3.2,-22.866,88,64,4/16/2003,7.8338,1.375,2002,11,2003,3,Sari,s,s,s,2,s,2,s,D,NA,NA,NA,NA,2,unknown,no,1,W9308,W8807,104
W0010_2000,W0010,1999,F,1999,1,WithMother,5.23,-23.152,30,38.5,4/15/2000,4.1392,0.779220779,1999,1,2000,4,Hirva,m,m,m,m,m,l,l,l,l,l,l,l,0,NA,NA,NA,W9403,W9810,105
W0011_2000,W0011,1999,M,1999,1,WithMother,5.21,-23.162,32,39,4/15/2000,3.7962,0.820512821,1999,1,2000,4,Grivla_k1:2,m,m,m,m,m,NA,NA,NA,NA,NA,NA,NA,NA,NA,NA,NA,W9403,W8607,105
W9403_2000,W9403,1999,F,1993,7,WithCubs,4.89,-22.632,102,58,4/15/2000,3.9432,1.75862069,1999,7,2000,3,Grivla,s,s,s,2,s,l,l,l,l,l,l,l,2,january-may,yes,1,W8808,W8607,105
W0215_2002,W0215,2001,M,2001,1,WithMother,5.1,-22.938,14,37,4/23/2002,5.178,0.378378378,2001,1,2002,4,Grivla_k2:1,m,m,m,m,m,m,m,NA,NA,NA,NA,NA,NA,NA,NA,NA,W9403,unknown,106
W0216_2002,W0216,2001,M,2001,1,WithMother,4.67,-23.098,15,NA,4/23/2002,5.8542,NA,2001,1,2002,4,Grivla_k2:2,m,m,m,m,m,m,m,NA,NA,NA,NA,NA,NA,NA,NA,NA,W9403,W0232,106
W0217_2002,W0217,2001,F,2001,1,WithMother,4.72,-22.968,10,35.5,4/23/2002,5.5112,0.281690141,2001,1,2002,4,Silina,m,m,m,m,m,m,m,l,l,l,l,l,0,NA,NA,NA,W9403,unknown,106
W9403_2002,W9403,2001,F,1993,9,WithCubs,4.47,-22.748,80,58,4/22/2002,5.6876,1.379310345,2001,9,2002,3,Grivla,s,s,s,4,s,s,l,l,l,l,l,l,4,january-june,yes,1,W8808,W8607,106
W0618_2006,W0618,2005,M,2005,1,WithMother,4.83,-23.74,21,41,5/2/2006,9.66,0.512195122,2005,1,2006,4,Kampi,m,m,m,m,m,m,m,m,m,m,m,m,NA,NA,NA,NA,W9403,unknown,107
W0619_2006,W0619,2005,M,2005,1,WithMother,4.93,-23.7,20,43,5/2/2006,7.54,0.465116279,2005,1,2006,4,Kangas,m,m,m,m,m,m,m,m,m,m,m,m,NA,NA,NA,NA,W9403,unknown,107
W0618_2007,W0618,2006,M,2005,2,WithMother,4.65,-23.258,50,50,5/4/2007,3.3454,1,2006,2,2007,4,Kampi,m,m,m,m,m,l,l,l,NA,NA,NA,NA,NA,NA,NA,NA,W9403,unknown,107
W0619_2007,W0619,2006,M,2005,2,WithMother,4.72,-23.378,42,49,5/4/2007,4.2862,0.857142857,2006,2,2007,4,Kangas,m,m,m,m,m,l,l,l,d,NA,NA,NA,NA,NA,NA,NA,W9403,unknown,107
W9403_2006,W9403,2005,F,1993,13,WithCubs,4.41,-23.25,90,62,5/2/2006,6.37,1.451612903,2005,13,2006,3,Grivla,s,s,s,s,2,2,2,s,s,2,s,s,2,january-december,no,1,W8808,W8607,107
W9403_2007,W9403,2006,F,1993,14,WithCubs,4.82,-23.038,90,61,5/4/2007,4.2666,1.475409836,2006,14,2007,3,Grivla,s,s,s,s,2,l,l,l,l,l,l,l,2,january-may,yes,2,W8808,W8607,108
W0907_2009,W0907,2008,M,2008,1,WithMother,5.04,-23.624,13,39,4/22/2009,9.76,0.333333333,2008,1,2009,4,Kosin,m,m,m,m,m,m,m,m,m,m,m,m,NA,NA,NA,NA,W9403,unknown,109
W0908_2009,W0908,2008,M,2008,1,WithMother,4.43,-23.664,14,40,4/22/2009,13,0.35,2008,1,2009,4,Sopin,m,m,m,m,m,m,m,m,m,m,m,m,NA,NA,NA,NA,W9403,unknown,109
W0909_2009,W0909,2008,M,2008,1,WithMother,4.89,-23.684,19,40,4/22/2009,10.39,0.475,2008,1,2009,4,Heiken,m,m,m,m,m,m,m,m,m,m,m,m,NA,NA,NA,NA,W9403,unknown,109
W9403_2009,W9403,2008,F,1993,16,WithCubs,4.08,-23.184,92,63,4/22/2009,8.18,1.46031746,2008,16,2009,3,Grivla,s,s,s,3,3,3,3,s,s,3,s,s,3,january-december,no,1,W8808,W8607,109
W0907_2010,W0907,2009,M,2008,2,WithMother,4.54,-23.402,27,44,4/14/2010,6.46,0.613636364,2009,2,2010,4,Kosin,m,m,m,m,m,l,l,l,d,NA,NA,NA,NA,NA,NA,NA,W9403,unknown,110
W0908_2010,W0908,2009,M,2008,2,WithMother,4.55,-23.522,33,42,4/14/2010,5.52,0.785714286,2009,2,2010,4,Sopin,m,m,m,m,m,l,l,l,l,l,l,l,NA,NA,NA,NA,W9403,unknown,110
W0909_2010,W0909,2009,M,2008,2,WithMother,4.68,-23.422,35,45,4/14/2010,6.74,0.777777778,2009,2,2010,4,Heiken,m,m,m,m,m,l,l,l,d,NA,NA,NA,NA,NA,NA,NA,W9403,unknown,110
W9403_2010,W9403,2009,F,1993,17,WithCubs,4.52,-23.082,87,57,4/14/2010,7.72,1.526315789,2009,17,2010,3,Grivla,s,s,s,3,s,l,l,l,l,l,l,l,3,january-may,yes,2,W8808,W8607,110
W1303_2013,W1303,2012,F,2012,1,WithMother,5.46,-23.246,19,40.5,4/23/2013,7.66,0.469135802,2012,1,2013,4,Lillsloga,m,m,m,m,m,l,l,l,l,l,l,l,0,NA,NA,NA,W9403,unknown,111
W1304_2013,W1304,2012,F,2012,1,WithMother,5.66,-23.206,19,39,4/23/2013,12.79,0.487179487,2012,1,2013,4,Bergsloga,m,m,m,m,m,l,l,l,l,l,l,l,0,NA,NA,NA,W9403,unknown,111
W9403_2013,W9403,2012,F,1993,20,WithCubs,5.18,-23.166,93,62.5,4/23/2013,5.69,1.488,2012,20,2013,3,Grivla,s,s,s,2,s,l,l,l,l,l,l,l,2,january-may,yes,1,W8808,W8607,111
W9913_1999,W9913,1998,F,1998,1,WithMother,4.34,-22.974,23,40,4/20/1999,4.1686,0.575,1998,1,1999,4,Strandli,m,m,m,m,m,m,l,l,l,l,l,l,0,NA,NA,NA,W9404,W9311,112
W9914_1999,W9914,1998,F,1998,1,WithMother,4.67,-22.824,22,41,4/20/1999,4.2568,0.536585366,1998,1,1999,4,Gira,m,m,m,m,m,m,l,l,l,l,l,l,0,NA,NA,NA,W9404,W9311,112
W9915_1999,W9915,1998,M,1998,1,WithMother,4.31,-22.904,26,42,4/20/1999,3.2768,0.619047619,1998,1,1999,4,Börrine_k3:3,m,m,m,m,m,m,NA,NA,NA,NA,NA,NA,NA,NA,NA,NA,W9404,W9311,112
W9404_1999,W9404,1998,F,1993,6,WithCubs,4.05,-22.954,89,57,4/20/1999,4.3254,1.561403509,1998,6,1999,3,Börrine,s,s,s,3,s,s,l,l,l,l,l,l,3,january-june,yes,1,W9008,W9811,112
W0221_2002,W0221,2001,F,2001,1,WithMother,4.46,-23.178,23,40,4/24/2002,5.1976,0.575,2001,1,2002,4,Faksa,m,m,m,m,m,l,l,l,l,l,l,l,0,NA,NA,NA,W9404,W9311,113
W0222_2002,W0222,2001,M,2001,1,WithMother,4.42,-23.148,23,41.5,4/24/2002,6.2462,0.554216867,2001,1,2002,4,Börre,m,m,m,m,m,NA,NA,NA,NA,NA,NA,NA,NA,NA,NA,NA,W9404,W9505,113
W0223_2002,W0223,2001,F,2001,1,WithMother,4.7,-23.038,21,40,4/24/2002,6.0306,0.525,2001,1,2002,4,Hölja,m,m,m,m,m,l,l,l,NA,NA,NA,NA,0,NA,NA,NA,W9404,W9505,113
W9404_2002,W9404,2001,F,1993,9,WithCubs,4.11,-23.188,104,64,4/24/2002,4.2176,1.625,2001,9,2002,3,Börrine,s,s,s,3,s,l,l,l,l,l,l,l,3,january-may,yes,1,W9008,W9811,113
W0009_2000,W0009,1999,M,1999,1,WithMother,5.83,-23.072,37,39.5,4/14/2000,3.7962,0.936708861,1999,1,2000,4,Binna_k1:1,m,m,m,m,m,NA,NA,NA,NA,NA,NA,NA,NA,NA,NA,NA,W9502,W9916,114
W9502_2000,W9502,1999,F,1994,6,WithCubs,4.97,-22.792,104,63,4/14/2000,3.8746,1.650793651,1999,6,2000,3,Binna,s,s,s,1,s,l,l,l,l,l,l,l,1,january-may,yes,1,W9308,W8807,114
W0205_2002,W0205,2001,F,2001,1,WithMother,5.06,-23.058,18,38,4/19/2002,4.8154,0.473684211,2001,1,2002,4,Blecka,m,m,m,m,m,d,NA,NA,NA,NA,NA,NA,0,NA,NA,NA,W9502,W0108,115
W0206_2002,W0206,2001,M,2001,1,WithMother,4.91,-22.988,21,39,4/19/2002,5.9228,0.538461538,2001,1,2002,4,Binna_k2:2,m,m,m,m,m,NA,NA,NA,NA,d,NA,NA,NA,NA,NA,NA,W9502,W0108,115
W0207_2002,W0207,2001,M,2001,1,WithMother,5.19,-22.888,26,42,4/19/2002,4.688,0.619047619,2001,1,2002,4,Binna_k2:3,m,m,m,m,m,NA,NA,NA,NA,d,NA,NA,NA,NA,NA,NA,W9502,W0108,115
W9502_2002,W9502,2001,F,1994,8,WithCubs,4.2,-23.168,88,62,4/19/2002,7.4124,1.419354839,2001,8,2002,3,Binna,s,s,s,3,s,l,l,l,l,l,l,l,3,january-may,yes,1,W9308,W8807,115
W0401_2004,W0401,2003,F,2003,1,WithMother,4.61,-23.404,21,40,4/14/2004,4.394,0.525,2003,1,2004,4,Vilma,m,m,m,m,m,l,l,l,l,l,l,l,0,NA,NA,NA,W9502,W9810,116
W0402_2004,W0402,2003,F,2003,1,WithMother,4.875,-23.334,30,42,4/14/2004,4.1245,0.714285714,2003,1,2004,4,Gnista,m,m,m,m,m,l,l,l,l,l,l,l,0,NA,NA,NA,W9502,W9810,116
W0403_2004,W0403,2003,F,2003,1,WithMother,4.83,-23.104,26,42,4/14/2004,4.0118,0.619047619,2003,1,2004,4,Romunda,m,m,m,m,m,l,d,NA,NA,NA,NA,NA,0,NA,NA,NA,W9502,unknown,116
W9502_2004,W9502,2003,F,1994,10,WithCubs,3.85,-23.464,100,64,4/14/2004,4.6194,1.5625,2003,10,2004,3,Binna,s,s,s,3,s,l,l,l,D,NA,NA,NA,3,january-may,yes,1,W9308,W8807,116
W0018_2000,W0018,1999,F,1999,1,WithMother,5.75,-22.992,27,38,4/28/2000,3.9236,0.710526316,1999,1,2000,4,Tuva,m,m,m,m,m,m,m,m,m,m,m,m,0,NA,NA,NA,W9504,unknown,117
W0019_2000,W0019,1999,F,1999,1,WithMother,5.66,-22.872,24,37,4/28/2000,3.7276,0.648648649,1999,1,2000,4,Leta,m,m,m,m,m,m,m,m,m,m,m,m,0,NA,NA,NA,W9504,unknown,117
W0020_2000,W0020,1999,F,1999,1,WithMother,5.69,-22.952,24,36,4/28/2000,4.933,0.666666667,1999,1,2000,4,Spana,m,m,m,m,m,m,m,m,m,m,m,m,0,NA,NA,NA,W9504,unknown,117
W9504_2000,W9504,1999,F,1994,6,WithCubs,4.99,-22.742,82,57,4/28/2000,4.688,1.438596491,1999,6,2000,3,Donna,s,s,s,3,s,s,s,s,s,s,3,s,3,january-december,no,1,W9308,W8807,117
W0317_2003,W0317,2002,F,2002,1,WithMother,5.11,-22.616,21,40,4/23/2003,4.1392,0.525,2002,1,2003,4,Vasta,m,m,m,m,m,l,l,l,d,NA,NA,NA,0,NA,NA,NA,W9615,W0233,118
W9615_2003,W9615,2002,F,1995,8,WithCubs,4.35,-22.586,92,58,4/23/2003,4.5802,1.586206897,2002,8,2003,3,Keiko,s,s,s,1,s,l,l,l,l,l,l,l,1,january-may,yes,1,W8905,W9409,118
W0514_2005,W0514,2004,M,2004,1,WithMother,4.61,-22.792,20,40,4/27/2005,11.56,0.5,2004,1,2005,4,Keiko_k2:1,m,m,m,m,m,NA,NA,NA,NA,NA,NA,NA,NA,NA,NA,NA,W9615,unknown,119
W0515_2005,W0515,2004,M,2004,1,WithMother,4.3,-23.112,27,43,4/27/2005,8.65,0.627906977,2004,1,2005,4,Keiko_k2:2,m,m,m,m,m,NA,NA,NA,NA,NA,NA,NA,NA,NA,NA,NA,W9615,unknown,119
W9615_2005,W9615,2004,F,1995,10,WithCubs,3.88,-23.002,95,62,4/27/2005,6.9,1.532258065,2004,10,2005,3,Keiko,s,s,s,2,s,l,l,l,l,l,l,l,2,january-may,yes,1,W8905,W9409,119
W0704_2007,W0704,2006,M,2006,1,WithMother,5.47,-23.228,26,40.5,4/16/2007,5.7268,0.641975309,2006,1,2007,4,Keiko_k3:1,m,m,m,m,m,NA,NA,NA,d,NA,NA,NA,NA,NA,NA,NA,W9615,unknown,120
W0705_2007,W0705,2006,M,2006,1,WithMother,5.18,-23.108,30,42,4/16/2007,4.8252,0.714285714,2006,1,2007,4,Keiko_k3:2,m,m,m,m,m,NA,NA,NA,NA,NA,NA,NA,NA,NA,NA,NA,W9615,unknown,120
W9615_2007,W9615,2006,F,1995,12,WithCubs,4.95,-23.048,106,63,4/16/2007,3.8256,1.682539683,2006,12,2007,3,Keiko,s,s,s,2,2,l,l,l,l,l,l,l,2,january-may,yes,1,W8905,W9409,120
W0910_2009,W0910,2008,M,2008,1,WithMother,4.46,-23.114,25,41,4/22/2009,13.58,0.609756098,2008,1,2009,4,Röde,m,m,m,m,m,l,l,l,l,l,l,l,NA,NA,NA,NA,W9615,unknown,121
W9615_2009,W9615,2008,F,1995,14,WithCubs,4.36,-22.854,105,63,4/22/2009,11.17,1.666666667,2008,14,2009,3,Keiko,s,s,s,1,s,l,l,l,l,l,l,l,1,january-may,yes,1,W8905,W9409,121
W1104_2011,W1104,2010,F,2010,1,WithMother,4.7,-22.51,16,39,4/20/2011,10.2,0.41025641,2010,1,2011,4,Bjura,m,m,m,m,m,NA,NA,NA,NA,c,c,c,0,NA,NA,NA,W9615,unknown,122
W1105_2011,W1105,2010,F,2010,1,WithMother,4.46,-22.52,17,38.5,4/20/2011,9.67,0.441558442,2010,1,2011,4,Nysloga,m,m,m,m,m,NA,NA,NA,NA,c,c,c,0,NA,NA,NA,W9615,unknown,122
W9615_2011,W9615,2010,F,1995,16,WithCubs,4.61,-22.26,90,58,4/20/2011,12.77,1.551724138,2010,16,2011,3,Keiko,s,s,s,2,2,NA,NA,D,NA,NA,NA,NA,2,unknown,unknown,1,W8905,W9409,122
W0308_2003,W0308,2002,M,2002,1,WithMother,4.7,-22.926,17,38,4/14/2003,10.3,0.447368421,2002,1,2003,4,Borregaard_k2:1,m,m,m,m,m,m,NA,NA,NA,NA,NA,NA,NA,NA,NA,NA,W9804,W0108,123
W0309_2003,W0309,2002,F,2002,1,WithMother,4.82,-22.966,10,35,4/14/2003,13.43,0.285714286,2002,1,2003,4,Bornå,m,m,m,m,m,m,m,d,NA,NA,NA,NA,0,NA,NA,NA,W9804,W0108,123
W9804_2003,W9804,2002,F,1997,6,WithCubs,4.13,-22.766,64,56,4/14/2003,16.2,1.142857143,2002,6,2003,3,Borregaard,s,s,s,2,s,s,s,l,l,l,l,l,2,january-july,yes,1,W9008,W9811,123
W0502_2005,W0502,2004,M,2004,1,WithMother,5.05,-23.132,24,41,4/15/2005,6.5108,0.585365854,2004,1,2005,4,Femma_k3:1,m,m,m,m,m,m,m,NA,NA,NA,NA,NA,NA,NA,NA,NA,W9806,W0233,124
W0503_2005,W0503,2004,F,2004,1,WithMother,4.97,-22.972,24,42,4/15/2005,5.3936,0.571428571,2004,1,2005,4,Påranäva,m,m,m,m,m,m,m,l,l,l,l,l,0,NA,NA,NA,W9806,unknown,124
W9806_2005,W9806,2004,F,1996,9,WithCubs,4.29,-23.112,94,64,4/15/2005,5.178,1.46875,2004,9,2005,3,Femma,s,s,s,2,s,s,2,l,l,l,l,l,2,january-july,yes,1,W0121,W8607,124
W0703_2007,W0703,2006,F,2006,1,WithMother,5.35,-23.298,20.5,40,4/16/2007,5.7268,0.5125,2006,1,2007,4,Hapa,m,m,m,m,m,m,l,l,l,l,l,l,0,NA,NA,NA,W9806,W0012,125
W0711_2007,W0711,2006,M,2006,1,WithMother,5.61,-23.158,24,40,4/19/2007,4.8252,0.6,2006,1,2007,4,Femma_k4:2,m,m,m,m,m,m,NA,NA,NA,NA,NA,NA,NA,NA,NA,NA,W9806,W0012,125
W9806_2007,W9806,2006,F,1996,11,WithCubs,4.63,-23.208,91,64,4/19/2007,4.8938,1.421875,2006,11,2007,3,Femma,s,s,s,2,2,2,l,l,D,NA,NA,NA,2,january-june,yes,1,W0121,W8607,125
W0417_2004,W0417,2003,M,2003,1,WithMother,5.1,-22.884,22,38.5,4/18/2004,4.982,0.571428571,2003,1,2004,4,Bella_k1:1,m,m,m,m,m,m,NA,NA,NA,NA,NA,NA,NA,NA,NA,NA,W9814,W0327,126
W9814_2004,W9814,2003,F,1997,7,WithCubs,3.84,-22.854,87,61,4/18/2004,3.806,1.426229508,2003,7,2004,3,Bella,s,s,s,1,s,1,1,s,s,s,s,s,1,january-december,no,1,W9308,W8807,126
W0706_2007,W0706,2006,F,2006,1,WithMother,5.24,-22.778,19,39,4/17/2007,4.6194,0.487179487,2006,1,2007,4,Brända,m,m,m,m,m,m,m,m,m,m,m,m,0,NA,NA,NA,W9814,W0327,127
W0707_2007,W0707,2006,F,2006,1,WithMother,5.12,-22.688,19,39,4/17/2007,4.3254,0.487179487,2006,1,2007,4,Broka,m,m,m,m,m,m,m,m,m,m,m,m,0,NA,NA,NA,W9814,W0327,127
W9814_2007,W9814,2006,F,1997,10,WithCubs,4.17,-22.748,85,62,4/17/2007,4.8938,1.370967742,2006,10,2007,3,Bella,s,s,s,2,2,2,2,2,2,s,s,s,2,january-december,no,1,W9308,W8807,127
W1013_2010,W1013,2009,M,2009,1,WithMother,4.36,-22.842,20,40.5,4/22/2010,6.32,0.49382716,2009,1,2010,4,Bella_k3:1,m,m,m,m,m,m,m,m,m,m,m,m,NA,NA,NA,NA,W9814,unknown,128
W1014_2010,W1014,2009,M,2009,1,WithMother,4.74,-23.272,18,42,4/22/2010,10.27,0.428571429,2009,1,2010,4,Bella_k3:2,m,m,m,m,m,m,m,m,m,m,m,m,NA,NA,NA,NA,W9814,unknown,128
W9814_2010,W9814,2009,F,1997,13,WithCubs,4.16,-23.052,86,63,4/22/2010,16.33,1.365079365,2009,13,2010,3,Bella,s,s,s,2,s,s,2,s,s,s,s,s,2,january-december,no,1,W9308,W8807,128
W0509_2005,W0509,2004,F,2004,1,WithMother,4.16,-22.812,22,43,4/17/2005,6.5206,0.511627907,2004,1,2005,4,Glya,m,m,m,m,m,m,m,m,m,m,m,m,0,NA,NA,NA,W9903,unknown,129
W9903_2005,W9903,2004,F,1997,8,WithCubs,4.01,-22.622,75,60,4/17/2005,6.4716,1.25,2004,8,2005,3,Kulla,s,s,s,1,1,1,1,s,s,1,1,s,1,january-december,no,1,unknown,unknown,129
W0821_2008,W0821,2007,M,2007,1,WithMother,4.68,-22.686,15,36.5,4/30/2008,5.3838,0.410958904,2007,1,2008,4,Kulla_k3:1,m,m,m,m,m,m,NA,NA,NA,NA,NA,NA,NA,NA,NA,NA,W9903,unknown,130
W0822_2008,W0822,2007,M,2007,1,WithMother,4.51,-23.036,17.5,41.5,4/30/2008,5.9228,0.421686747,2007,1,2008,4,Kulla_k3:2,m,m,m,m,m,m,NA,NA,NA,NA,NA,NA,NA,NA,NA,NA,W9903,unknown,130
W9903_2008,W9903,2007,F,1997,11,WithCubs,4.07,-22.686,71,61,4/30/2008,10.2152,1.163934426,2007,11,2008,3,Kulla,s,s,s,2,s,s,l,l,l,l,l,l,2,january-june,yes,1,unknown,unknown,130
W1007_2010,W1007,2009,M,2009,1,WithMother,4.13,-23.322,17.5,39,4/21/2010,8.89,0.448717949,2009,1,2010,4,Kulla_k4:1,m,m,m,m,m,m,m,m,m,m,m,m,NA,NA,NA,NA,W9903,unknown,131
W1008_2010,W1008,2009,M,2009,1,WithMother,4.42,-23.302,19,39.5,4/21/2010,8.96,0.481012658,2009,1,2010,4,Kulla_k4:2,m,m,m,m,m,m,m,m,m,m,m,m,NA,NA,NA,NA,W9903,unknown,131
W1009_2010,W1009,2009,F,2009,1,WithMother,4.67,-23.262,17,38,4/21/2010,12.87,0.447368421,2009,1,2010,4,Ransi,m,m,m,m,m,m,m,m,m,m,m,m,0,NA,NA,NA,W9903,unknown,131
W9903_2010,W9903,2009,F,1997,13,WithCubs,4.27,-22.702,78,63,4/21/2010,13.65,1.238095238,2009,13,2010,3,Kulla,s,s,s,3,s,s,3,s,s,3,s,s,3,january-december,no,1,unknown,unknown,131
W9905_1999,W9905,1998,F,1998,1,WithMother,7.33,-21.694,26,41,4/12/1999,3.0122,0.634146341,1998,1,1999,4,Våna,m,m,m,m,m,m,l,l,d,NA,NA,NA,0,NA,NA,NA,W9904,unknown,132
W9904_1999,W9904,1998,F,1994,5,WithCubs,5.21,-22.074,111,60,4/12/1999,2.8456,1.85,1998,5,1999,3,Flena,s,s,s,2,s,2,l,l,d,NA,NA,NA,2,january-june,yes,1,unknown,unknown,132
W0304_2003,W0304,2002,F,2002,1,WithMother,4.8,-22.966,29,NA,4/14/2003,3.4238,NA,2002,1,2003,4,Gruva,m,m,m,m,m,l,l,l,l,l,l,l,0,NA,NA,NA,W9909,unknown,133
W0305_2003,W0305,2002,F,2002,1,WithMother,4.79,-22.956,24,NA,4/14/2003,5.0016,NA,2002,1,2003,4,Snåla,m,m,m,m,m,l,l,l,l,l,l,l,0,NA,NA,NA,W9909,unknown,133
W0306_2003,W0306,2002,F,2002,1,WithMother,4.99,-22.846,24.5,NA,4/14/2003,4.5508,NA,2002,1,2003,4,Kringla,m,m,m,m,m,l,l,l,l,l,l,l,0,NA,NA,NA,W9909,unknown,133
W9909_2003,W9909,2002,F,1989,14,WithCubs,3.86,-22.906,78,66,4/14/2003,4.247,1.181818182,2002,14,2003,3,Stubba,s,s,s,3,s,l,l,l,l,l,l,l,3,january-may,yes,1,95SS92,W8697,133
W0603_2006,W0603,2005,F,2005,1,WithMother,5.67,-23.06,41,48,4/20/2006,3.6688,0.854166667,2005,1,2006,4,Bryna,m,m,m,m,m,l,l,l,l,l,l,l,0,NA,NA,NA,W9909,unknown,134
W9909_2006,W9909,2005,F,1989,17,WithCubs,4.75,-23.3,109,65,4/20/2006,3.8354,1.676923077,2005,17,2006,3,Stubba,s,s,s,s,1,l,l,l,d,NA,NA,NA,1,january-may,yes,1,95SS92,W8697,134
W0415_2004,W0415,2003,F,2003,1,WithMother,4.41,-23.254,27,41,4/18/2004,3.1004,0.658536585,2003,1,2004,4,Gnolla,m,m,m,m,m,m,l,l,l,l,l,l,0,NA,NA,NA,W9913,W0201,135
W0416_2004,W0416,2003,F,2003,1,WithMother,4.35,-23.234,25,45,4/18/2004,3.7864,0.555555556,2003,1,2004,4,Aspa,m,m,m,m,m,m,l,l,l,l,l,l,0,NA,NA,NA,W9913,unknown,135
W9913_2004,W9913,2003,F,1998,6,WithCubs,3.67,-22.894,101,60,4/18/2004,2.6986,1.683333333,2003,6,2004,3,Strandli,s,s,s,2,2,2,l,l,l,l,l,l,2,january-june,yes,1,W9404,W9311,135
W0621_2006,W0621,2005,F,2005,1,WithMother,4.53,-23.28,18,40,5/3/2006,4.5312,0.45,2005,1,2006,4,Stöa,m,m,m,m,m,l,l,l,l,l,l,l,0,NA,NA,NA,W9913,W0424,136
W0622_2006,W0622,2005,F,2005,1,WithMother,4.81,-23.37,20.5,40,5/3/2006,7.579,0.5125,2005,1,2006,4,Skarva,m,m,m,m,m,l,l,l,l,l,l,l,0,NA,NA,NA,W9913,W0424,136
W9913_2006,W9913,2005,F,1998,8,WithCubs,3.99,-23.22,99,62,5/3/2006,4.639,1.596774194,2005,8,2006,3,Strandli,s,s,s,s,2,l,l,l,l,d,NA,NA,2,january-may,yes,1,W9404,W9311,136
W0623_2006,W0623,2005,F,2005,1,WithMother,5.43,-22.95,20.5,42,5/3/2006,5.4034,0.488095238,2005,1,2006,4,Verva,m,m,m,m,m,l,l,l,l,l,l,l,0,NA,NA,NA,W9914,W0102,137
W9914_2006,W9914,2005,F,1998,8,WithCubs,4.51,-22.69,94,63,5/3/2006,3.7472,1.492063492,2005,8,2006,3,Gira,s,s,s,1,s,l,l,l,l,l,l,l,1,january-may,yes,1,W9404,W9311,137
W0911_2009,W0911,2008,M,2008,1,WithMother,4.72,-23.344,17,40,4/23/2009,15.55,0.425,2008,1,2009,4,Gira_k6:1,m,m,m,m,m,m,m,m,m,m,m,m,NA,NA,NA,NA,W9914,unknown,138
W0912_2009,W0912,2008,M,2008,1,WithMother,5.04,-23.024,27,43.5,4/23/2009,9.24,0.620689655,2008,1,2009,4,Gira_k6:2,m,m,m,m,m,m,m,m,m,m,m,m,NA,NA,NA,NA,W9914,unknown,138
W9914_2009,W9914,2008,F,1998,11,WithCubs,4.43,-22.914,95,63,4/23/2009,12.28,1.507936508,2008,11,2009,3,Gira,s,s,s,2,s,s,2,s,s,2,s,s,2,january-december,no,1,W9404,W9311,138
W1309_2013,W1309,2012,F,2012,1,WithMother,5.3,-22.186,21,40,4/30/2013,10.79,0.525,2012,1,2013,4,Fulunäsa,m,m,m,m,l,l,l,l,l,l,l,l,0,NA,NA,NA,W9914,unknown,139
W9914_2013,W9914,2012,F,1998,15,WithCubs,4.58,-23.366,98,61,4/30/2013,7.84,1.606557377,2012,15,2013,3,Gira,s,s,s,2,l,l,l,l,l,l,l,l,2,january-april,yes,1,W9404,W9311,139
